Raz√£o,Rua,Numero,Latitude,Longitude
STIEFELMANN INCORPORADORA LTDA,ENOTRIA,330,-23.4769349,-46.6031878
MRV ENGENHARIA E PARTICIPACOES SA,ANDRE DE ALMEIDA,SN,-23.5919753,-46.4858584
REINVEST EMPREENDIMENTOS IMOBILIARIOS SPE LTDA,DO AROUCHE,360,-23.5412112,-46.6458319
EXTO ECU EMPREENDIMENTOS IMOBILIARIOS SPE LTDA.,CUEVAS,100,-23.5231822,-46.7122817
GRAZIANI & ALMEIDA CONSTRUCOES E INCORPORACOES LTDA,ITALINA,255,-23.5406333,-46.4508962
INTER CONSTRUTORA E INCORPORADORA S.A,BRIG FARIA LIMA,3015,-23.5831718,-46.683338
TENDA NEGOCIOS IMOBILIARIOS S.A,COMENDADOR J.DE MATOS,S/N,-23.4653191,-46.7526619
TENDA NEGOCIOS IMOBILIARIOS S.A,DOS MIRANDAS,315,-23.617083,-46.75282560000001
CONX MORAIS EMPREENDIMENTOS IMOBILIARIOS SPE LTDA.,DAS GRUMIXAMAS,334,-23.6484471,-46.643899
STAN G LARA EMPREENDIMENTO SPE LTDA,GABRIEL DE LARA,545,-23.6161121,-46.6903467
CYRELA MAGIKLZ CAMPINAS 01 EMPREENDIMENTOS IMOBILIARIOS LTDA,GIOVANNI GRONCHI,6899,-23.6406324,-46.7354587
RAVENNA EMPREENDIMENTOS IMOBILIARIOS LTDA,BENTO BRANCO DE ANDRADE FILHO,477,-23.6488494,-46.7218251
IDEA EMPREENDIMENTOS SPE 23 LTDA.,CARDEAL ARCOVERDE,440,-23.5550204,-46.67747319999999
SP BOLSA IX EMPREENDIMENTOS IMOBILIARIOS LTDA.,LOPES NETO,303,-23.5879899,-46.6830152
TAVITEC EMPREENDIMENTOS E PARTICIPACOES LTDA,AGAMI,333,-23.6002017,-46.660218
VALE DO PARAIBA INCORPORADORA LTDA.,JOAO DE LACERDA SOARES,31,-23.6244529,-46.6867659
TGSP-28 SPE EMPREENDIMENTOS IMOBILIARIOS LTDA.,FRANCISCO CORAZZA,100,-23.5103851,-46.698785
LIVING CACOAL EMPREENDIMENTOS IMOBILIARIOS LTDA,VEREADOR JOAO DE LUCA,1750,-23.6576265,-46.6646022
EXTO BRA EMPREENDIMENTOS IMOBILIARIOS LTDA,ECA DE QUEIROZ,219,-23.5789346,-46.6429208
VL. BARROS EMPREENDIMENTOS IMOBILIARIOS LTDA,ALCACER,149,-23.5256944,-46.5146565
PLANO CAMBUI EMPREENDIMENTOS IMOBILIARIOS LTDA,ALBERTO LION,S/N,-23.5633713,-46.6121633
MAC 69 EMPREENDIMENTOS IMOBILIARIOS LTDA,CONDE DE IRAJA,233,-23.5915323,-46.63303800000001
M.A.R. SEVILHA DESENVOLVIMENTO IMOBILIARIO SPE LTDA.,AMANDAU,77,-23.488998,-46.6087735
DIALOGO S QUATRO CAVOUR EMPREENDIMENTOS IMOBILIARIOS LTDA,CAVOUR,612,-23.5825099,-46.5787756
SEI REPUBLICA II EMPREENDIMENTO IMOBILIARIO SPE LTDA.,DA REPUBLICA,365,-23.5426952,-46.6437984
PORTE MONTE SERRAT EMPREENDIMENTO IMOBILIARIO SPE LTDA.,ANTONIO CAMARDO,756,-23.5489708,-46.5603715
TPA BELA VISTA PAULICEIA - EMPREENDIMENTO IMOBILIARIO SPE LTDA.,FRANCISCA MIQUELINA,277,-23.5543672,-46.6397919
PROJETO IMOBILIARIO E 43 SPE LTDA.,CANDIRUACU,S/N,-23.4714388,-46.5967799
AR 14 EMPREENDIMENTOS IMOBILIARIOS SPE LIMITADA,DOUTOR TOMAS ALVES,51,-23.5870476,-46.6394339
RESIDENCIAL SAO MATEUS SPE LTDA,BENTO GUELFI,S/N,-23.6065625,-46.4276468
VDJ EMPREENDIMENTO IMOBILIARIO SPE LTDA,VEREADOR JOSE DINIZ,3789,-23.6153744,-46.673407
CAMPO VERDE 180 SPE INCORPORACAO IMOBILIARIA LTDA.,CAMPO VERDE,180,-23.5748898,-46.6900877
PROJETO IMNOBILIARIO E 59 SPE LTDA,ADELINO DE ALMEIDA CASTILHO,211,-23.5323528,-46.5552012
ARIZONA INCORPORADORA LTDA,VINTE E OITO DE SETEMBRO,2012,-23.6048676,-46.6111468
LARISSA INCORPORADORA LTDA,IBIJAU,245,-23.6053607,-46.6660261
SILVIA EMPREENDIMENTO IMOBILIARIO LTDA.,SILVIA,399,-23.5614949,-46.6512145
SILVIA EMPREENDIMENTO IMOBILIARIO LTDA.,DOUTOR SENG,229,-23.5618881,-46.6509136
TRISUL 9 EMPREENDIMENTOS IMOBILIARIOS LTDA.,MARIO AMARAL,311,-23.5730765,-46.6486762
TRISUL 3 EMPREENDIMENTOS IMOBILIARIOS LTDA,DARDANELOS,488,-23.5397332,-46.71800169999999
PROJETO IMOBILIARIO E 73 SPE LTDA.,CAICO,S/N,-5.8062609,-35.2259252
PROJETO IMOBILIARIO E 74 SPE LTDA,NECO NUNES,32,-23.4879963,-46.6490901
AMBRA VIDAL EMPREENDIMENTOS IMOBILIARIOS LTDA.,YERVANT KISSAJIKIAN,459,-23.6672339,-46.6744381
FAMILY & FRIENDS EMPREENDIMENTO IMOBILIARIO SPE LTDA,CAMPO VERDE,579,-23.5770155,-46.6934693
SK CATAO EMPREENDIMENTOS IMOBILIARIOS LTDA,CATAO,856,-23.5285557,-46.700906
PROJETO IMOBILIARIO E 87 SPE LTDA,PROF CELESTINO BOURROUL,411,-23.5100463,-46.67363779999999
PROJETO IMOBILIARIO E 87 SPE LTDA,DOUTOR MORAIS DANTAS,S/N,-23.5000394,-46.67207699999999
CBR MAGIK LZ 03 EMPREENDIMENTOS IMOBILIARIOS LTDA,LINS DE VASCONCELOS,2816,-23.5867149,-46.6285855
CAPITAL CONCRETO INCORPORADORA LTDA,DOM BERNARDO NOGUEIRA,553,-23.6077205,-46.6232494
CAPITAL CONCRETO INCORPORADORA LTDA,DOM BERNARDO NOGUEIRA,563,-23.6078031,-46.6232238
TRISUL PAULISTANIA EMPREENDIMENTOS IMOBILIARIOS LTDA,PAULISTANIA,130,-23.5461681,-46.6926677
KE 01 EMPREENDIMENTOS E PARTICIPACOES LTDA.,DOS DEMOCRATAS,571,-23.6289238,-46.6368206
CYMA 05 EMPREENDIMENTOS IMOBILIARIOS LTDA,GEORGE SMITH,338,-23.5205991,-46.7057908
CCISA54 INCORPORADORA LTDA,NORDESTINA,SN,-23.5130315,-46.4269166
CACHOEIRA DO ARARI SPE LTDA,JOSE KAUER,173,-23.5369924,-46.6036605
URBIC 03 SABIA EMPREENDIMENTOS IMOBILIARIOS LTDA,SABIA,641,-23.6018077,-46.663405
CBR MAGIK LZ 04 EMPREENDIMENTOS IMOBILIARIOS LTDA,DOUTOR GENTIL DE MOURA,546,-23.6023213,-46.6095182
RNI INCORPORADORA IMOBILIARIA 452 LTDA,CARIMBO,22,-24.0213867,-46.463504
MAESTRO INCORPORADORA LTDA,RIO IMBURANA,362,-23.5446782,-46.4440945
TICO RIBEIRO DO VALE LTDA,RIBEIRO DO VALE,470,-23.6121313,-46.687203
VITAURBANA II EMPREENDIMENTOS IMOBILIARIOS SPE LTDA,ALVES GUIMARAES,1348,-23.5512881,-46.6812809
FAVARI RESIDENCE INCORPORACOES SPE LTDA,IRMA EMERENCIANA,796,-23.4638203,-46.58046270000001
SPE EMPREENDIMENTO DIAS VIEIRA LTDA,DIAS VIEIRA,410,-23.5965707,-46.7328436
I950 TUIUTI SPE - EMPREENDIMENTOS IMOBILIARIOS LDTA.,TUIUTI,626,-23.5307953,-46.5766935
I230 CORONEL MURSA SPE - EMPREENDIMENTOS IMOBILIARIOS LTDA.,CORONEL MURSA,56,-23.5492571,-46.6174442
34 SP ADOLFO INCORPORADORA SPE LTDA,ADOLFO SCHNABEL,151,-23.5862136,-46.5399841
CONSTRUTORA E INCORPORADORA MURANO - EIRELI,NSRA DA ANUNCIACAO,108,-23.532334,-46.5196459
VIVA BARRA FUNDA SPE EMPREENDIMENTOS IMOBILIARIOS LTDA.,ALVARES PENTEADO,61,-23.5480082,-46.6347496
VILLAGE MOOCA SPE LTDA,OURINHOS,56,-23.5661134,-46.58184910000001
UNITY SPE 02 - EMPREENDIMENTOS IMOBILIARIOS LTDA,BARTOLOMEU DE GUSMAO,290,-23.5857798,-46.6326012
UNITY SPE 01 - EMPREENDIMENTOS IMOBILIARIOS LTDA,BARTOLOMEU DE GUSMAO,290,-23.5857798,-46.6326012
EBM INCORPORACOES 81 SPE LTDA,TEODORO SAMPAIO,1020,-23.5586669,-46.679911
MAM VMM EMPREENDIMENTO IMOBILIARIO SPE LTDA.,PEDROSO ALVARENGA,691,-23.5816771,-46.6771335
R. P. II - EMPREENDIMENTO IMOBILIARIO SPE LTDA,TABAPUA,500,-23.5829323,-46.6755325
BABI ADMINISTRADORA E INCORPORADORA LTDA,ANGELICA,2466,-23.553321,-46.6623126
MAJOR DANTAS CORTEZ EMPREENDIMENTOS SPE LTDA.,ABILIO PEDRO RAMOS,6,-23.4629444,-46.5803405
CCISA77 INCORPORADORA LTDA.,FUNCHAL,411,-23.5945069,-46.6895385
CCISA68 INCORPORADORA LTDA.,FUNCHAL,411,-23.5945069,-46.6895385
TRISUL ANGELICA EMPREENDIMENTOS IMOBILIARIOS LTDA.,PAULISTA,37,-23.5710635,-46.6451532
MF ANGRA 01 EMPREENDIMENTOS IMOBILIARIOS LTDA,DR CARDOSO DE MELO,878,-23.599433,-46.682108
EBM INCORPORACOES 92 SPE LTDA,TEODORO SAMPAIO,1020,-23.5586669,-46.679911
DRAFT INC INCORPORACAO LTDA,PORTUGAL,1629,-23.6214934,-46.6871942
IMPERADOR EMPREENDIMENTOS SPE LTDA.,DO IMPERADOR,475,-23.5031303,-46.60498150000001
TENJO SPE EMPREENDIMENTOS IMOBILIARIOS EIRELI,MADRE MAZARELLO,217,-23.5394885,-46.7108059
EBM INCORPORACOES 88 SPE LTDA,TEODORO SAMPAIO,1020,-23.5586669,-46.679911
NR04 EMPREENDIMENTO IMOBILIARIO SPE LTDA.,ENG LUIZ CARLOS BERRINI,105,-23.5987337,-46.6901535
INOVA-ONE EMPREENDIMENTOS IMOBILIARIOS LTDA,ITAPURA,239,-23.5406014,-46.5670933
DR FAUSTO EMPREENDIMENTOS IMOBILIARIOS SPE LTDA,PEDROSO ALVARENGA,691,-23.5816771,-46.6771335
LUSA 7 EMPREENDIMENTOS IMOBILIARIOS LTDA,BALTHAZAR DA VEIGA,634,-23.5937514,-46.6724348
TRISUL GARDENIA EMPREENDIMENTOS IMOBILIARIOS LTDA.,PAULISTA,37,-23.5710635,-46.6451532
TRISUL GAURA EMPREENDIMENTOS IMOBILIARIOS LTDA,PAULISTA,37,-23.5710635,-46.6451532
MF7 TITO INCORPORADORA SPE LTDA,DR RENATO PAES DE BARROS,750,-23.5854424,-46.6735879
LUSA 8 EMPREENDIMENTOS IMOBILIARIOS LTDA,BALTHAZAR DA VEIGA,634,-23.5937514,-46.6724348
LUSA 9 EMPREENDIMENTOS IMOBILIARIOS LTDA,BALTHAZAR DA VEIGA,634,-23.5937514,-46.6724348
A3 REAL ESTATE ADMINISTRACAO DE BENS LTDA,BENTA PEREIRA,140,-23.5007614,-46.6404029
42 SP PIRA ANTONIO DE TOLEDO INCORPORADORA SPE LTDA,DO ROCIO,291,-23.5944037,-46.68651089999999
43 SP SPO CRISTAIS INCORPORADORA SPE LTDA,DO ROCIO,291,-23.5944037,-46.68651089999999
41 SP SPO BALSA INCORPORADORA SPE LTDA,DO ROCIO,291,-23.5944037,-46.68651089999999
41 SP SPO BALSA INCORPORADORA SPE LTDA,BALSA,940,-23.5054178,-46.7022687
CUBE JARDIM GUEDALA INCORPORADORA IMOBILIARIA SPE LTDA,ALVARO RODRIGUES,152,-23.6216914,-46.6869449
AGUIA EMPREENDIMENTOS IMOBILIARIOS EIRELI,MANUEL DE SOUSA,99,-23.4907606,-46.6285084
SPAA EMPREENDIMENTOS IMOBILIARIOS LTDA,DR RANULPHO QUEIROZ GUIMARAES,26,-23.6012587,-46.5564773
CBR 102 EMPREENDIMENTOS IMOBILIARIOS LTDA,DO ROCIO,109,-23.5939131,-46.68476440000001
EUGEN EMPREENDIMENTOS SPE LTDA.,PAULO MALDI,87,-23.4824895,-46.6122157
SOMAUMA RBS INCORPORACOES SPE LTDA,ALVARO RODRIGUES,182,-23.6215043,-46.6869233
REGENTE FEIJO EMPREENDIMENTOS IMOBILIARIOS SPE LTDA,CANTAGALO,74,-23.5473073,-46.5730526
ALTOS DE CAIEIRAS EMPREENDIMENTOS IMOBILIARIOS SPE LTDA,HUNGRIA,888,-23.5796047,-46.6933243
MARIA ILDA AUGUSTO GUILHOTO EIRELI,LUCIO CARDOSO,80,-23.1814085,-46.8485848
DREAM HOUSE CONSTRUTORA E INCORPORADORA EIRELI,RIO NEGRO,513,-23.5276893,-46.4818741
LOGICA MORUMBI INCORPORACOES IMOBILIARIAS SPE LTDA,ENG LUIZ CARLOS BERRINI,1493,-23.6098368,-46.6942023
USAGI EMPREENDIMENTOS E PARTICIPACOES LTDA,DR CARDOSO DE MELO,900,-23.5992416,-46.682502
45 SP PAULINIA JOAO VIEIRA INCORPORADORA SPE LTDA,DO ROCIO,291,-23.5944037,-46.68651089999999
44 SP ARARAS MELVIN JONES INCORPORADORA SPE LTDA,DO ROCIO,291,-23.5944037,-46.68651089999999
46 SP VOTU DOMINGOS INCORPORADORA SPE LTDA,DO ROCIO,291,-23.5944037,-46.68651089999999
CAPRICHO EMPREENDIMENTOS SPE LTDA.,CAPRICHO,1186,-23.476885,-46.5941857
RABO DO PEIXE EMPREENDIMENTOS TURISTICOS E IMOBILIARIOS SPE LTDA.,PEDROSO ALVARENGA,1208,-23.5826126,-46.6821951
EDGAR EMPREENDIMENTOS IMOBILIARIOS SPE LTDA,EDGAR,173,-23.5033696,-46.5968426
AVVIO FIRENZE EMPREENDIMENTOS IMOBILIARIOS LTDA,HADDOCK LOBO,1307,-23.5627949,-46.66621809999999
J C J INCORPORADORA LTDA,JOSE TAVARES SIQUEIRA,80,-23.5337167,-46.5676485
RESIDENCIAL SILVERIO GONCALVES EMPREENDIMENTO IMOBILIARIO - SPE - LTDA,SILVERIO GONCALVES,S/N,-23.4900488,-46.67984970000001
PRP BELLEGARDI EMPREENDIMENTO IMOBILIARIO SPE LTDA,EMILIO MALLET,317,-23.547313,-46.57077899999999
CYMA 08 EMPREEDIMENTOS IMOBILIARIOS LTDA,DO ROCIO,109,-23.5939131,-46.68476440000001
CYMA 09 EMPREEDIMENTOS IMOBILIARIOS LTDA,DO ROCIO,109,-23.5939131,-46.68476440000001
AMERICA IDEA EMPREENDIMENTOS LTDA,NATINGUI,442,-23.5508413,-46.69570119999999
JACAREI INCORPORADORA LTDA,REPUBLICA DO LIBANO,1921,-23.5970437,-46.6621226
LOGICA MOOCA INCORPORACOES IMOBILIARIAS SPE LTDA.,ENG LUIZ CARLOS BERRINI,1493,-23.6098368,-46.6942023
DAMA I EMPREENDIMENTO IMOBILIARIO SPE LTDA,JOSE TAVARES SIQUEIRA,510,-23.5298007,-46.56888319999999
EMILIA EMPREENDIMENTO IMOBILIARIO SPE LTDA,DR VEIGA FILHO,350,-23.5399014,-46.65901119999999
LA BRUNETTI EMPREENDIMENTO IMOBILIARIO SPE LTDA,DR VEIGA FILHO,350,-23.5399014,-46.65901119999999
MDTO EMPREENDIMENTOS E PARTICIPACOES LTDA,CELSO GARCIA,6002,-23.530203,-46.5551306
M.A.R. TROIA DESENVOLVIMENTO IMOBILIARIO SPE LTDA.,DR CARDOSO DE MELO,1340,-23.5971451,-46.68714079999999
M.A.R. SANTORINI DESENVOLVIMENTO IMOBILIARIO SPE LTDA.,DR CARDOSO DE MELO,1340,-23.5971451,-46.68714079999999
M.A.R. HIDRA DESENVOLVIMENTO IMOBILIARIO SPE LTDA.,DR CARDOSO DE MELO,1340,-23.5971451,-46.68714079999999
M.A.R. CRETA DESENVOLVIMENTO IMOBILIARIO SPE LTDA.,DR CARDOSO DE MELO,1340,-23.5971451,-46.68714079999999
M.A.R. ALEXANDRIA DESENVOLVIMENTO IMOBILIARIO SPE LTDA.,DR CARDOSO DE MELO,1340,-23.5971451,-46.68714079999999
IDEA EMPREENDIMENTOS 42 LTDA,NATINGUI,442,-23.5508413,-46.69570119999999
LISBOA 142 EMPREENDIMENTOS IMOBILIARIOS LTDA.,EUGENIO DE MEDEIROS,639,-23.5655471,-46.70047479999999
SPO12 EMPREENDIMENTOS IMOBILIARIOS SPE LTDA,DAS NACOES UNIDAS,12399,-23.6331339,-46.7164499
PIRES DA MOTA EMPREENDIMENTO IMOBILIARIO SPE LTDA,CUNHA,111,-23.5952367,-46.6377062
NEW LIFE III GRANJA VIANA EMPREENDIMENTOS IMOBILIARIOS SPE LTDA,DAS NACOES UNIDAS,12399,-23.6331339,-46.7164499
DHARAG INCORPORADORA LTDA,ANTONIO FREDERICO,565,-23.6000247,-46.59216230000001
REMANSO EMPREENDIMENTO IMOBILIARIO LTDA.,CENNO SBRIGHI,170,-23.5134795,-46.6945018
MARQUES RESIDENCE SPE LTDA.,ADEMAR DE AZEVEDO MARQUES,84,-23.4746393,-46.58820559999999
IDEA EMPREENDIMENTOS 41 LTDA,NATINGUI,442,-23.5508413,-46.69570119999999
CONSORCIO DE URBANIZACAO PAULINIA 3,BRIGADEIRO FARIA LIMA,3015,-23.5831718,-46.683338
SEKI INCORPORACAO DE EMPREENDIMENTOS IMOBILIARIO EIRELI,JABOTICABAL,980,-23.5648829,-46.5762741
LEVLAR CONSTRUTORA E INCORPORADORA EIRELI,PAULISTA,807,-23.5667005,-46.6509627
PLANIK 32 EMPREENDIMENTO IMOBILIARIO SPE LTDA,ANGELICA,2163,-23.5515149,-46.6601517
ZOEY ZABO EMPREENDIMENTO IMOBILIARIO SPE LTDA,ESTADOS UNIDOS,1044,-23.5693627,-46.6652155
BEATRIZ ZABO EMPREENDIMENTO IMOBILIARIO SPE LTDA,ESTADOS UNIDOS,1044,-23.5693627,-46.6652155
CEIRY PADRE PEREIRA DE ANDRADE EMPREENDIMENTOS IMOBILIARIOS SPE LTDA.,FUNCHAL,375,-23.5942334,-46.68948880000001
ADDRESS BUTANTA EMPREENDIMENTO SPE LTDA,HELENA,170,-23.592914,-46.68595690000001
CASALINDA INCORPORADORA EIRELI,CANTAGALO,1691,-23.5439067,-46.5577736
MMEDG INCORPORADORA - SPE LTDA,AURELIA,1716,-23.5371406,-46.6978337
AUREA GESTAO DE PARTICIPACOES SOCIETARIAS LTDA,MERGENTHALER,345,-23.5275851,-46.7352717
MCP 2 DESENVOLVIMENTO IMOBILIARIO LTDA,ANGELICA,2163,-23.5515149,-46.6601517
MCP 1 DESENVOLVIMENTO IMOBILIARIO LTDA,ANGELICA,2163,-23.5515149,-46.6601517
MCP 3 DESENVOLVIMENTO IMOBILIARIO LTDA,ANGELICA,2163,-23.5515149,-46.6601517
FERGOMAZ GUAPERUVU EMPREENDIMENTOS IMOBILIARIOS SPE LTDA,GUAPERUVU,425,-23.5366602,-46.5384
COSTA REIS CONSTRUTORA E EMPREENDIMENTOS EIRELI,GIOVANNI GRONCHI,6195,-23.6336287,-46.7366238
SANAY 70 EMPREENDIMENTO IMOBILIARIO SPE LTDA,CERRO CORA,585,-23.5410251,-46.7030991
SANAY 72 EMPREENDIMENTO IMOBILIARIO SPE LTDA,CERRO CORA,585,-23.5410251,-46.7030991
SANAY 71 EMPREENDIMENTO IMOBILIARIO SPE LTDA,CERRO CORA,585,-23.5410251,-46.7030991
G.M.F.M.A.C ADMINISTRACAO, LOCACAO E PARTICIPACOES LTDA,GAL ATALIBA LEONEL,1205,-23.5017462,-46.61721439999999
CAMACARI TECH PARK SPE EMPREENDIMENTOS IMOBILIARIOS LTDA.,DR RENATO PAES DE BARROS,714,-23.5850232,-46.6736461
TAUPO EMPREENDIMENTO IMOBILIARIO SPE LTDA,MELCHERT,132,-23.533349,-46.535307
RESERVA DO CONDE SPE EMPREENDIMENTOS IMOBILIARIOS LTDA.,ALVARES PENTEADO,61,-23.5480082,-46.6347496
NEW LIFE AMERICA SPE EMPREENDIMENTO IMOBILIARIO LTDA.,SARG ESTANISLAU CUSTODIO,70,-23.6014711,-46.7488026
SPE RAQUEL - EMPREENDIMENTOS IMOBILIARIOS SPE LTDA.,MICHIGAN,135,-23.6174365,-46.68277140000001
UNIAO CM ADMINISTRACAO E EMPREENDIMENTOS LTDA,ENG GUARACY TORRES,416,-23.7621165,-46.6617043
48 SP CATANDUVA MARTINHO INCORPORADORA SPE LTDA,DO ROCIO,291,-23.5944037,-46.68651089999999
MR CONSTRUTORA E INCORPORADORA LTDA,BR DE LIMEIRA,89,-23.5397644,-46.6435125
VIEWCO 26 EMPREENDIMENTO LTDA,FUNCHAL,411,-23.5945069,-46.6895385
CEIRY DOMICIO DA GAMA EMPREENDIMENTOS IMOBILIARIOS SPE LTDA.,FUNCHAL,375,-23.5942334,-46.68948880000001
MARANATA EMPREENDIMENTO IMOBILIARIO SPE LTDA,FABIO JOSE BEZERRA,613,-23.5058831,-46.4826389
MOS CONSULTORIA, EMPREENDIMENTOS E PARTICIPACOES LTDA,DOS IRIS,117,-23.6049914,-46.638843
JBP CONSTRUTORA E INCORPORADORA LTDA,JULIO COLACO,143,-23.5350818,-46.5434536
BENTA PEREIRA EMPREENDIMENTOS IMOBILIARIOS SPE LTDA,AUGUSTO TOLLE,771,-23.4868576,-46.6333306
ALTOS DE BELEM EMPREENDIMENTOS IMOBILIARIOS SPE LTDA,HUNGRIA,888,-23.5796047,-46.6933243
CABRERA MOLNAR INCORPORADORA LTDA,ZAKIE SAUDA,59,-23.6229253,-46.6432533
MS EMPREENDIMENTOS IMOBILIARIOS LTDA,MARIUS,261,-23.5767185,-46.5671027
POUSO ALEGRE INCORPORADORA LTDA,REPUBLICA DO LIBANO,1921,-23.5970437,-46.6621226
CAMPINA GRANDE INCORPORADORA LTDA,REPUBLICA DO LIBANO,1921,-23.5970437,-46.6621226
ITAJUBA INCORPORADORA LTDA,REPUBLICA DO LIBANO,1921,-23.5970437,-46.6621226
CRICIUMA INCORPORADORA LTDA,REPUBLICA DO LIBANO,1921,-23.5970437,-46.6621226
BELO VALE INCORPORADORA LTDA,REPUBLICA DO LIBANO,1921,-23.5970437,-46.6621226
ESQUADRO INCORPORADORA - EIRELI,JOAO FERREIRA DE ABREU,144,-23.6835601,-46.682993
SAO TOME INCORPORADORA LTDA,REPUBLICA DO LIBANO,1921,-23.5970437,-46.6621226
GLB BRASIL 07 EMPREENDIMENTOS IMOBILIARIOS LTDA,IGUATEMI,448,-23.5827007,-46.6831293
GLB BRASIL 11 EMPREENDIMENTOS IMOBILIARIOS LTDA,IGUATEMI,448,-23.5827007,-46.6831293
GLB BRASIL 05 EMPREENDIMENTOS IMOBILIARIOS LTDA,IGUATEMI,448,-23.5827007,-46.6831293
GLB BRASIL 06 EMPREENDIMENTOS IMOBILIARIOS LTDA,IGUATEMI,448,-23.5827007,-46.6831293
GLB BRASIL 04 EMPREENDIMENTOS IMOBILIARIOS LTDA,IGUATEMI,448,-23.5827007,-46.6831293
GLB BRASIL 08 EMPREENDIMENTOS IMOBILIARIOS LTDA,IGUATEMI,448,-23.5827007,-46.6831293
GLB BRASIL 10 EMPREENDIMENTOS IMOBILIARIOS LTDA,IGUATEMI,448,-23.5827007,-46.6831293
GLB BRASIL 09 EMPREENDIMENTOS IMOBILIARIOS LTDA,IGUATEMI,448,-23.5827007,-46.6831293
ARUAQUE EMPREENDIMENTOS SPE LTDA.,ARUAQUE,63,-23.4955562,-46.6064282
S & S SOLUTIONS CORPORATE FACILITIES,DR FRANCISCO EUGENIO DO AMARAL,S/N,-23.4543651,-46.6697376
CURSINO INCORPORACOES SPE LTDA,DOMINGOS DE MORAIS,2187,-23.5954834,-46.6362184
JAIME VIANA EMPREENDIMENTOS IMOBILIARIOS SPE LTDA,JOAO BIZARRO DA NAVE,491,-23.5725907,-46.56463489999999
WU2 ALPHA EMPREENDIMENTOS IMOBILIARIOS LTDA.,CARD ARCOVERDE,359,-23.5549839,-46.6767469
WU2 BETA EMPREENDIMENTOS IMOBILIARIOS LTDA.,CARD ARCOVERDE,359,-23.5549839,-46.6767469
SPE LOEFGREEN 893 EMPREENDIMENTOS IMOBILIARIOS LTDA,LOEFGREN,893,-23.5997767,-46.6341542
JHSF EMPREENDIMENTOS VILLAGE 07 LTDA.,MAGALHAES DE CASTRO,4800,-23.6012749,-46.6980412
JHSF EMPREENDIMENTOS VILLAGE 08 LTDA.,MAGALHAES DE CASTRO,4800,-23.6012749,-46.6980412
JHSF EMPREENDIMENTOS VILLAGE 06 LTDA.,MAGALHAES DE CASTRO,4800,-23.6012749,-46.6980412
ELUS CONSTRUTORA LTDA,EDUARDO SALAMONDE,282,-23.570731,-46.4742832
TEODORO HORST EMPREENDIMENTOS - SPE LTDA,TEODORO HORST,317,-23.4717357,-46.60989860000001
ALTAMURA EMPREENDIMENTOS IMOBILIARIOS LTDA,HENRI DUNANT,873,-23.6275011,-46.6992821
BR 6 FLORIDA EMPREENDIMENTOS IMOBILIARIOS SPE LTDA,HELENA,260,-23.5930371,-46.68671699999999
RESIDENCIAL CUMARU S.P.E LTDA,CUMARU,402,-23.494259,-46.4326941
EMPREENDIMENTO CORONEL PEDRO DIAS SPE LTDA,CEL PEDRO DIAS DE CAMPOS,908,-23.5330872,-46.5334696
RESIDENCIAL JARAUARA EMPREENDIMENTO IMOBILIARIO SPE LTDA,JARAUARA,107,-23.5310516,-46.4989968
L.A.B. EMPREENDIMENTOS IMOBILIARIOS SPE LTDA,MAGALHAES DE CASTRO,332,-23.6032407,-46.6984193
GRASETO EMPREENDIMENTOS IMOBILIARIOS LTDA,HENRI DUNANT,873,-23.6275011,-46.6992821
MCA EMPREENDIMENTOS SPE LTDA,MARIUS,514,-23.5774167,-46.5647966
DIALOGO 79 EMPREENDIMENTOS IMOBILIARIOS SPE LTDA,DR EDUARDO DE SOUZA ARANHA,153,-23.5883429,-46.6731042
DIALOGO 80 EMPREENDIMENTOS IMOBILIARIOS SPE LTDA,DR EDUARDO DE SOUZA ARANHA,153,-23.5883429,-46.6731042
DIALOGO 82 EMPREENDIMENTOS IMOBILIARIOS SPE LTDA,DR EDUARDO DE SOUZA ARANHA,153,-23.5883429,-46.6731042
DIALOGO 81 EMPREENDIMENTOS IMOBILIARIOS SPE LTDA,DR EDUARDO DE SOUZA ARANHA,153,-23.5883429,-46.6731042
ALBEROBELLO INCORPORACAO LTDA,JOAQUIM FLORIANO,466,-23.5843951,-46.6750788
CCISA85 INCORPORADORA LTDA.,FUNCHAL,411,-23.5945069,-46.6895385
CCISA81 INCORPORADORA LTDA.,FUNCHAL,411,-23.5945069,-46.6895385
ARTUR DE AZEVEDO EMPREENDIMENTOS SPE LTDA,ARTUR DE AZEVEDO,1877,-23.566757,-46.6884319
CCISA86 INCORPORADORA LTDA.,FUNCHAL,411,-23.5945069,-46.6895385
CCISA91 INCORPORADORA LTDA.,FUNCHAL,411,-23.5945069,-46.6895385
CONDOMINIO RESIDENCIAL GIMENES SPE LTDA,MAJORIE,155,-23.6722257,-46.63471699999999
EMPREENDIMENTO I9 ESTONIA SPE LTDA,DR OLAVO EGIDIO,764,-23.5002791,-46.6183158
IBIRA OFFICES EMPREENDIMENTOS IMOBILIARIOS SPE LTDA,DR EDUARDO DE SOUZA ARANHA,99,-23.5883546,-46.6726207
MARB CONSTRUCAO SPE2 LTDA,LADARIO,385,-23.5387585,-46.6191864
CATRIMANI EMPREENDIMENTO IMOBILIARIO SPE LTDA,CATRIMANI,165,-23.5374211,-46.49870850000001
DIALOGO 83 EMPREENDIMENTOS IMOBILIARIOS SPE LTDA,DR EDUARDO DE SOUZA ARANHA,153,-23.5883429,-46.6731042
SEED KANSAS EMPREENDIMENTOS SPE LTDA,SAMUEL MORSE,120,-23.6118789,-46.6941265
SEED SABARA EMPREENDIMENTOS SPE LTDA,SAMUEL MORSE,120,-23.6118789,-46.6941265
PONTEVEDRA EMPREENDIMENTO IMOBILIARIO SPE LTDA,VICENZA,112,-23.4886501,-46.6033424
EIXO INTELIGENCIA IMOBILIARIA LTDA,DR CHUCRI ZAIDAN,1550,-23.625516,-46.7023064
CEIRY DROSERA EMPREENDIMENTOS IMOBILIARIOS SPE LTDA.,FUNCHAL,375,-23.5942334,-46.68948880000001
CEIRY EUGENIO DE MEDEIROS EMPREENDIMENTOS IMOBILIARIOS SPE LTDA.,FUNCHAL,375,-23.5942334,-46.68948880000001
SAO JOSE DESENVOLVIMENTO IMOBILIARIO 98 LTDA,QUEIROZ FILHO,1560,-23.5430206,-46.7319497
SAO JOSE DESENVOLVIMENTO IMOBILIARIO 96 LTDA,QUEIROZ FILHO,1560,-23.5430206,-46.7319497
SAO JOSE DESENVOLVIMENTO IMOBILIARIO 97 LTDA,QUEIROZ FILHO,1560,-23.5430206,-46.7319497
SAO JOSE DESENVOLVIMENTO IMOBILIARIO 94 LTDA,QUEIROZ FILHO,1560,-23.5430206,-46.7319497
SAO JOSE DESENVOLVIMENTO IMOBILIARIO 95 LTDA,QUEIROZ FILHO,1560,-23.5430206,-46.7319497
ELBA 534 EMPREENDIMENTO IMOBILIARIO SPE LTDA.,AFONSO BRAZ,644,-23.5951818,-46.67006199999999
BALOO CONSTRUCAO INCORPORACAO E VENDAS LTDA,ROCHA PITA,64,-22.8918454,-43.2720844
JHSF EMPREENDIMENTOS VILLAGE 05 LTDA.,MAGALHAES DE CASTRO,4800,-23.6012749,-46.6980412
RESIDENCIAL ALTINOPOLIS SPE LTDA.,ALTINOPOLIS,478,-23.4827665,-46.6197322
AGUA BRANCA EMPREENDIMENTOS IMOBILIARIOS SPE LTDA,SANTOS,1767,-23.5616763,-46.6584553
PACOBA EMPREENDIMENTOS IMOBILIARIOS SPE LTDA,SANTOS,1767,-23.5616763,-46.6584553
RESIDENCIAL EVANGELINA EMPREENDIMENTO S.P.E LTDA,EVANGELINA FERREIRA DESTRO,37,-23.4964868,-46.4444033
RITZ ALTINOPOLIS EMPREENDIMENTO IMOBILIARIO SPE LTDA,BARAO DE DUPRAT,315,-23.5413243,-46.6308882
COZZY PARAISO SPE ADMINISTRACAO DE BENS LTDA.,CUBATAO,993,-23.5803763,-46.6414097
DOM ROSALVO EMPREENDIMENTOS IMOBILIARIOS LTDA,GABRIEL MONTEIRO DA SILVA,2578,-23.5762765,-46.6912473
FGJ CONSTRUCOES E EMPREENDIMENTOS IMOBILIARIOS SPE LTDA,RAUL DE FREITAS,190,-23.5274067,-46.543124
MALTA PADUA EMPREENDIMENTOS IMOBILIARIOS SPE EIRELI,DR NATALINO RIGHETO,93,-23.4844766,-46.6116053
DAMATA201 EMPREENDIMENTO IMOBILIARIO LTDA - SCP08,BRIGADEIRO FARIA LIMA,2601,-23.579229,-46.685135
TIGUAN EMPREENDIMENTO IMOBILIARIO LTDA,PRES JUSCELINO KUBITSCHEK,360,-23.5859663,-46.6736921
TAILANDIA EMPREENDIMENTO IMOBILIARIO LTDA,PRES JUSCELINO KUBITSCHEK,360,-23.5859663,-46.6736921
OCEANIC EMPREENDIMENTO IMOBILIARIO LTDA,PRES JUSCELINO KUBITSCHEK,360,-23.5859663,-46.6736921
LOGAN EMPREENDIMENTO IMOBILIARIO LTDA,PRES JUSCELINO KUBITSCHEK,360,-23.5859663,-46.6736921
ZURIQUE EMPREENDIMENTO IMOBILIARIO LTDA,PRES JUSCELINO KUBITSCHEK,360,-23.5859663,-46.6736921
BARILOCHE EMPREENDIMENTO IMOBILIARIO LTDA,PRES JUSCELINO KUBITSCHEK,360,-23.5859663,-46.6736921
PROJETO IMOBILIARIO E 95 LTDA.,FIDENCIO RAMOS,213,-23.5949514,-46.6855093
DEFENDER EMPREENDIMENTO IMOBILIARIO LTDA,PRES JUSCELINO KUBITSCHEK,360,-23.5859663,-46.6736921
AZERA EMPREENDIMENTO IMOBILIARIO LTDA,PRES JUSCELINO KUBITSCHEK,360,-23.5859663,-46.6736921
PROJETO IMOBILIARIO E 93 LTDA.,FIDENCIO RAMOS,213,-23.5949514,-46.6855093
PROJETO IMOBILIARIO E 94 LTDA.,FIDENCIO RAMOS,213,-23.5949514,-46.6855093
PROJETO IMOBILIARIO E 91 LTDA.,FIDENCIO RAMOS,213,-23.5949514,-46.6855093
SONATA EMPREENDIMENTO IMOBILIARIO LTDA,PRES JUSCELINO KUBITSCHEK,360,-23.5859663,-46.6736921
MELBOURNE EMPREENDIMENTO IMOBILIARIO LTDA,PRES JUSCELINO KUBITSCHEK,360,-23.5859663,-46.6736921
PROJETO IMOBILIARIO E 92 LTDA.,FIDENCIO RAMOS,213,-23.5949514,-46.6855093
CAMBURIU 01 PROJETO IMOBILIARIO SPE LTDA,IMP LEOPOLDINA,1271,-23.5323494,-46.7293004
NORBERTO MAYER EMPREENDIMENTOS IMOBILIARIOS SPE LTDA,NORBERTO MAYER,333,-23.5566082,-46.5383428
THINK HOME SANTA CECILIA EMPREENDIMENTOS IMOBILIARIOS LTDA,MARQ DE SAO VICENTE,230,-23.5216434,-46.6621608
RALPH SCHULTZ INCORPORACAO IMOBILIARIA SPE LTDA,PROF GUILHERME MILWARD,223,-23.562997,-46.70903149999999
CAPITAL CONCRETO INCORPORADORA LTDA. - MAIORCA SCP I,TENENTE AGENOR SOARES,68,-23.4948277,-46.6112705
VILLA INCORPORACOES LTDA,VERGUEIRO,2279,-23.5819383,-46.6377299
BAURU 216 EMPREENDIMENTOS IMOBILIARIOS SPE LTDA,BRIG FARIA LIMA,3015,-23.5831718,-46.683338
COTIA 607 EMPREENDIMENTOS IMOBILIARIOS SPE LTDA,BRIG FARIA LIMA,3015,-23.5831718,-46.683338
VISTA BUTANTA EMPREENDIMENTO IMOBILIARIO SPE LTDA,S GABRIEL,477,-23.5791768,-46.67120389999999
VISTA ITU INCORPORADORA LTDA,SARANDI,98,-23.5638975,-46.6692754
ZITUNE URBANISMO LTDA.,DR ALBUQUERQUE LINS,635,-23.5357111,-46.656324
SW35 EMPREENDIMENTO IMOBILIARIO SPE LTDA.,SANTOS,1343,-23.5643256,-46.65526999999999
SW33 EMPREENDIMENTO IMOBILIARIO SPE LTDA.,SANTOS,1343,-23.5643256,-46.65526999999999
SW34 EMPREENDIMENTO IMOBILIARIO SPE LTDA.,SANTOS,1343,-23.5643256,-46.65526999999999
SW31 EMPREENDIMENTO IMOBILIARIO SPE LTDA.,SANTOS,1343,-23.5643256,-46.65526999999999
SW32 EMPREENDIMENTO IMOBILIARIO SPE LTDA.,SANTOS,1343,-23.5643256,-46.65526999999999
TWE III INCORPORACAO DE EMPREENDIMENTOS IMOBILIARIOS SPE LTDA,ELOI CERQUEIRA,20,-23.5405786,-46.5932167
DF3 EMPREENDIMENTOS IMOBILIARIOS LTDA SCP,SILVA BUENO,1660,-23.5933674,-46.601433
GROELANDIA INCORPORACAO LTDA,JOAQUIM FLORIANO,466,-23.5843951,-46.6750788
ITATIBA MOENDA EMPREENDIMENTOS IMOBILIARIOS E PARTICIPACOES LTDA,NOVE DE JULHO,5109,-23.5781228,-46.6742622
TAVARES EMPREENDIMENTOS IMOBILIARIOS LTDA,CLODOMIRO AMAZONAS,1422,-23.5966867,-46.6764348
RESIDENCIAL CONEGO LADEIRA EMPREENDIMENTO IMOBILIARIO SPE LTDA,CON LADEIRA,357,-23.4776234,-46.6037255
VPS CONSTRUTORA E INCORPORADORA EIRELI,MARIO MARIANI,84,-23.5815105,-46.5108447
GREEN CONCEPT EMPREENDIMENTOS SPE LTDA,DOS CHANES,212,-23.6132375,-46.6686647
CAMPO VERDE 262 EMPREENDIMENTOS IMOBILIARIOS SPE LTDA.,PEDROSO ALVARENGA,691,-23.5816771,-46.6771335
CONSORCIO OSCAR FREIRE,PRESIDENTE JUSCELINO KUBITSCHEK,360,-23.5859663,-46.6736921
URBANITYSP 03 EMPREENDIMENTOS IMOBILIARIOS SPE LTDA,MARQ DE SAO VICENTE,1619,-23.5200393,-46.6767209
ANALIA FRANCO EMPREENDIMENTOS IMOBILIARIOS SPE LTDA,SANTOS,1767,-23.5616763,-46.6584553
JDK EMPREENDIMENTOS IMOBILIARIO RESIDENCIAL VERA CRUZ SPE LTDA,DR GUILHERME CRISTOFFEL,225,-23.488385,-46.6285646
MCP 72 DESENVOLVIMENTO IMOBILIARIO LTDA,ANGELICA,2163,-23.5515149,-46.6601517
MCP 81 DESENVOLVIMENTO IMOBILIARIO LTDA,ANGELICA,2163,-23.5515149,-46.6601517
PY ANTONIO LAMANNA EMPREENDIMENTOS IMOBILIARIOS SPE LTDA,ANTONIO LAMANNA,120,-23.5305784,-46.5423277
MANTOVA EMPREENDIMENTO IMOBILIARIO SPE LTDA,S CONSTANCIO,260,-23.5605418,-46.552109
KAAZAA SERVICOS IMOBILIARIOS LTDA.,ENG LUIZ CARLOS BERRINI,828,-23.6039796,-46.6927061
IACRI EMPREENDIMENTOS IMOBILIARIOS EIRELI,JOSE AMANCIO CUNHA,57,-23.4946445,-46.4327538
JAGUARIUNA 790 EMPREENDIMENTOS IMOBILIARIOS SPE LTDA,BRIG FARIA LIMA,3015,-23.5831718,-46.683338
M.A.R. LUGANO DESENVOLVIMENTO IMOBILIARIO SPE LTDA.,DR CARDOSO DE MELO,1340,-23.5971451,-46.68714079999999
M.A.R. BAVIERA DESENVOLVIMENTO IMOBILIARIO SPE LTDA.,DR CARDOSO DE MELO,1340,-23.5971451,-46.68714079999999
M.A.R. COLONIA DESENVOLVIMENTO IMOBILIARIO SPE LTDA.,DR CARDOSO DE MELO,1340,-23.5971451,-46.68714079999999
I980 LUIS BARROSO SPE EMPREENDIMENTOS IMOBILIARIOS LTDA.,PRES JUSCELINO KUBITSCHEK,1830,-23.5906331,-46.68662339999999
I920 CEL RODOVALHO SPE EMPREENDIMENTOS IMOBILIARIOS LTDA.,PRES JUSCELINO KUBITSCHEK,1830,-23.5906331,-46.68662339999999
I900 CUNHA GAGO SPE EMPREENDIMENTOS IMOBILIARIOS LTDA.,PRES JUSCELINO KUBITSCHEK,1830,-23.5906331,-46.68662339999999
M.A.R. BASILEIA DESENVOLVIMENTO IMOBILIARIO SPE LTDA.,DR CARDOSO DE MELO,1340,-23.5971451,-46.68714079999999
M.A.R. BREMEN DESENVOLVIMENTO IMOBILIARIO SPE LTDA.,DR CARDOSO DE MELO,1340,-23.5971451,-46.68714079999999
I410 JOSE HOMERO SPE EMPREENDIMENTOS IMOBILIARIOS LTDA.,PRES JUSCELINO KUBITSCHEK,1830,-23.5906331,-46.68662339999999
I890 PAMPLONA SPE EMPREENDIMENTOS IMOBILIARIOS LTDA.,PRES JUSCELINO KUBITSCHEK,1830,-23.5906331,-46.68662339999999
INCORPORADORA PORTAL DO PIRANI LTDA,SALVADOR JORGE VELHO,736,-23.6260506,-46.4660208
EPSON DESENVOLVIMENTO IMOBILIARIO LTDA - SCP 03,LINEU DE PAULA MACHADO,1448,-23.5849704,-46.6987569
CONSORCIO YOU MOEMA,PRESIDENTE JUSCELINO KUBITSCHEK,360,-23.5859663,-46.6736921
I9 PARTICIPACOES SOCIETARIAS EMPREENDIMENTO FINLANDIA SPE LTDA,DR OLAVO EGIDIO,764,-23.5002791,-46.6183158
I9 PARTICIPACOES SOCIETARIAS EMPREENDIMENTO GRECIA SPE LTDA,DR OLAVO EGIDIO,764,-23.5002791,-46.6183158
CEIRY VIII EMPREENDIMENTOS IMOBILIARIOS SPE LTDA.,FUNCHAL,375,-23.5942334,-46.68948880000001
SANTOS & SANCHEZ ENGENHARIA LTDA,TOLEDO CASTELANOS,17,-23.5675385,-46.4715524
CEIRY XIV EMPREENDIMENTOS IMOBILIARIOS SPE LTDA.,FUNCHAL,375,-23.5942334,-46.68948880000001
CEIRY IX EMPREENDIMENTOS IMOBILIARIOS SPE LTDA.,FUNCHAL,375,-23.5942334,-46.68948880000001
CEIRY XVII EMPREENDIMENTOS IMOBILIARIOS SPE LTDA.,FUNCHAL,375,-23.5942334,-46.68948880000001
CEIRY XI EMPREENDIMENTOS IMOBILIARIOS SPE LTDA.,FUNCHAL,375,-23.5942334,-46.68948880000001
CEIRY X EMPREENDIMENTOS IMOBILIARIOS SPE LTDA.,FUNCHAL,375,-23.5942334,-46.68948880000001
CEIRY XVI EMPREENDIMENTOS IMOBILIARIOS SPE LTDA.,FUNCHAL,375,-23.5942334,-46.68948880000001
CEIRY XIII EMPREENDIMENTOS IMOBILIARIOS SPE LTDA.,FUNCHAL,375,-23.5942334,-46.68948880000001
CEIRY XV EMPREENDIMENTOS IMOBILIARIOS SPE LTDA.,FUNCHAL,375,-23.5942334,-46.68948880000001
CEIRY XII EMPREENDIMENTOS IMOBILIARIOS SPE LTDA.,FUNCHAL,375,-23.5942334,-46.68948880000001
F2 INVESTIMENT LTDA,JAMARIS,100,-23.6052171,-46.6618196
MORRO DO ESPIA EMPREENDIMENTOS IMOBILIARIOS SPE LTDA,MORRO DO ESPIA,105,-23.5861543,-46.5014531
RJ2 CONSTRUTORA E INCORPORADORA EIRELI,FRANCISCO LEITAO,26,-23.5640159,-46.6791565
CONSORCIO YOU AIMBERE,PRESIDENTE JUSCELINO KUBITSCHEK,360,-23.5859663,-46.6736921
LHJ INCORPORACAO E CONSTRUCAO SPE LTDA,BENTA PEREIRA,390,-23.4989651,-46.6419147
IZP CONEGO EMPREENDIMENTOS IMOBILIARIOS LTDA,NATINGUI,442,-23.5508413,-46.69570119999999
IDEA EMPREENDIMENTOS 43 LTDA,NATINGUI,442,-23.5508413,-46.69570119999999
IDEA EMPREENDIMENTOS 45 LTDA,NATINGUI,442,-23.5508413,-46.69570119999999
HORTO EMPREENDIMENTOS IMOBILIARIOS SPE LTDA,SABARA,566,-23.5482524,-46.6558338
IZP ITACEMA EMPREENDIMENTOS IMOBILIARIOS LTDA,NATINGUI,442,-23.5508413,-46.69570119999999
CATARINA VIEIRA INCORPORACAO IMOBILIARIA SPE LTDA,CATARINA VIEIRA,72,-23.5490051,-46.51816110000001
ELASAR EMPREENDIMENTOS E PARTICIPACOES LTDA - SCP REGIMAR,HUNGRIA,514,-23.5823294,-46.6918444
ELASAR EMPREENDIMENTOS E PARTICIPACOES LTDA - SCP AGAPAR,HUNGRIA,514,-23.5823294,-46.6918444
ELASAR EMPREENDIMENTOS E PARTICIPACOES LTDA - SCP EMANCIPADA,HUNGRIA,514,-23.5823294,-46.6918444
ELASAR EMPREENDIMENTOS E PARTICIPACOES LTDA - SCP SANTA SUSANA,HUNGRIA,514,-23.5823294,-46.6918444
ELASAR EMPREENDIMENTOS E PARTIPACOES LTDA - SCP DEVIPAR,HUNGRIA,514,-23.5823294,-46.6918444
ELASAR EMPREENDIMENTOS E PARTICIPACOES LTDA - SCP TUIOMAR,HUNGRIA,514,-23.5823294,-46.6918444
ELASAR EMPREENDIMENTOS E PARTICIPACOES LTDA. - SCP RNK,HUNGRIA,514,-23.5823294,-46.6918444
CEIRY PADRE PEREIRA DE ANDRADE EMPREENDIMENTOS IMOBILIARIOS SPE LTDA SCP,FUNCHAL,375,-23.5942334,-46.68948880000001
RESIDENCIAL DUOMARE EMPREENDIMENTO IMOBILIARIO SPE LTDA,GONCALVES RIBEIRO,781,-23.4889199,-46.4301531
MGRDICH EMPREENDIMENTOS IMOBILIARIOS SPE LTDA,PLINIO SALGADO,245,-23.585888,-46.7349578
VMA INTERMEDIACOES E NEGOCIOS SPE LTDA,PROF JOAO DE OLIVEIRA TORRES,565,-23.5573195,-46.5616586
B/SINCO 10 EMPREENDIMENTO IMOBILIARIO LTDA - SCP ICARO SYDOW,GABRIEL MONTEIRO DA SILVA,2578,-23.5762765,-46.6912473
SETE INCORPORADORA E PARTICIPACOES LTDA,CAMPANELLA,951,-23.5361148,-46.4661065
B/SINCO INCORPORADORA LTDA. - SCP BRIGADEIRO DOM ROSALVO,GABRIEL MONTEIRO DA SILVA,2578,-23.5762765,-46.6912473
VILLA ACQUA CHIARA EMPREENDIMENTO SPE LTDA,VERGUEIRO,2279,-23.5819383,-46.6377299
DIROMA INCORPORADORA LTDA,DIOGO RODRIGUES MARQUES,255,-23.6686214,-46.68323969999999
TORU SAO MATEUS OBRAS E INCORPORACOES SPE LTDA,IMP LEOPOLDINA,1013,-23.5306514,-46.7309891
BDZ PARTICIPACOES E INVESTIMENTOS LTDA,MAIRINQUE,61,-23.593623,-46.6377263
SHANGHAI EMPREENDIMENTO IMOBILIARIO LTDA,PRES JUSCELINO KUBITSCHEK,360,-23.5859663,-46.6736921
LIVINA EMPREENDIMENTO IMOBILIARIO LTDA,PRES JUSCELINO KUBITSCHEK,360,-23.5859663,-46.6736921
TCB EMPREENDIMENTOS E PARTICIPACOES LTDA.,BRIG FARIA LIMA,3600,-23.588454,-46.6826388
CALIFORNIA EMPREENDIMENTOS E PARTICIPACOES LTDA.,BRIG FARIA LIMA,3600,-23.588454,-46.6826388
MONTANA EMPREENDIMENTOS E PARTICIPACOES LTDA,BRIG FARIA LIMA,3600,-23.588454,-46.6826388
CONDADO EMPREENDIMENTOS E PARTICIPACOES LTDA,BRIG FARIA LIMA,3600,-23.588454,-46.6826388
TRISUL ARENGA EMPREENDIMENTOS IMOBILIARIOS LTDA.,PAULISTA,37,-23.5710635,-46.6451532
TRISUL MANGABA EMPREENDIMENTOS IMOBILIARIOS LTDA.,PAULISTA,37,-23.5710635,-46.6451532
TRISUL LOTUS EMPREENDIMENTOS IMOBILIARIOS LTDA.,PAULISTA,37,-23.5710635,-46.6451532
TRISUL DICONDRA EMPREENDIMENTOS IMOBILIARIOS LTDA.,PAULISTA,37,-23.5710635,-46.6451532
B/SINCO INCORPORADORA LTDA. - SCP B/SINCO BRIGADEIRO,GABRIEL MONTEIRO DA SILVA,2578,-23.5762765,-46.6912473
LUSA 5 EMPREENDIMENTOS IMOBILIARIOS LTDA - SCP CLODOMIRO AMAZONAS,BALTHAZAR DA VEIGA,634,-23.5937514,-46.6724348
VNC EMPREENDIMENTOS IMOBILIARIOS LTDA,MONS MARCONDES NITSCH,156,-23.4938166,-46.6427013
MONTECATINI PARTICIPACOES E REPRESENTACOES LTDA,JAU,186,-23.5683822,-46.6519321
G&F EMPREENDIMENTO IMOBILIARIO SPE LTDA,CONS CARRAO,2620,-23.5496958,-46.5369734
SAO JUDAS EMPREENDIMENTOS IMOBILIARIO SPE LTDA,IBIRAPUERA,2102,-23.602704,-46.6618643
JOAL 12 EMPREENDIMENTOS IMOBILIARIOS SPE LTDA,DOS JURUPIS,900,-23.6061027,-46.6619341
BE CON EMPREENDIMENTOS IMOBILIARIOS LTDA,EMILIO MALLET,304,-23.5476598,-46.5707606
CNP07 EMPREENDIMENTO IMOBILIARIO LTDA,FIDENCIO RAMOS,302,-23.5946918,-46.6860024
CNP06 EMPREENDIMENTO IMOBILIARIO LTDA,FIDENCIO RAMOS,302,-23.5946918,-46.6860024
CARDOSO ALMEIDA EMPREENDIMENTO IMOBILIARIO SPE LTDA,FIDENCIO RAMOS,302,-23.5946918,-46.6860024
CONDE DE ITU EMPREENDIMENTO IMOBILIARIO SPE LTDA,FIDENCIO RAMOS,302,-23.5946918,-46.6860024
CNP08 EMPREENDIMENTO IMOBILIARIO LTDA,FIDENCIO RAMOS,302,-23.5946918,-46.6860024
TOMAS ALVES EMPREENDIMENTO IMOBILIARIO SPE LTDA,FIDENCIO RAMOS,302,-23.5946918,-46.6860024
HUMBERTO I EMPREENDIMENTO IMOBILIARIO SPE LTDA,FIDENCIO RAMOS,302,-23.5946918,-46.6860024
RESIDENCIAL GREGORIO SOUZA EMPREENDIMENTO SPE LTDA,GREGORIO SOUZA,559,-23.5429588,-46.516168
COSTA DEL SOL EMPREENDIMENTOS IMOBILIARIOS LTDA,TOLEDO BARBOSA,333,-23.5415619,-46.5878526
LAGO NEGRO DESENVOLVIMENTO IMOBILIARIO SPE LTDA,GOMES DE CARVALHO,1108,-23.5974323,-46.6839231
MONTE DOURADO DESENVOLVIMENTO IMOBILIARIO SPE LTDA,GOMES DE CARVALHO,1108,-23.5974323,-46.6839231
MONTANHA PRATEADA DESENVOLVIMENTO IMOBILIARIO SPE LTDA,GOMES DE CARVALHO,1108,-23.5974323,-46.6839231
RIO AZUL DESENVOLVIMENTO IMOBILIARIO SPE LTDA,GOMES DE CARVALHO,1108,-23.5974323,-46.6839231
MAR NEGRO DESENVOLVIMENTO IMOBILIARIO SPE LTDA,GOMES DE CARVALHO,1108,-23.5974323,-46.6839231
CNP05 EMPREENDIMENTO IMOBILIARIO LTDA,FIDENCIO RAMOS,302,-23.5946918,-46.6860024
NETCORP SAO PAULO INCORPORACAO E EMPREENDIMENTO IMOBILIARIO SPE LTDA,MIN ROCHA AZEVEDO,456,-23.5617956,-46.6601678
LAGO DE COMO INCORPORACOES IMOBILIARIAS SPE LTDA,CAP PINTO FERREIRA,104,-23.5718908,-46.6551823
WF EMPREENDIMENTOS IMOBILIARIOS E PARTICIPACOES LTDA,BARBALHA,173,-23.5346698,-46.719456
RT PARTNERS EMPREENDIMENTOS IMOBILIARIOS LTDA,DAS NACOES UNIDAS,18801,-23.652765,-46.721426
MEU PROPRIO LAR HABITACIONAL EIRELI,PROF FRANCISCO PINHEIRO,621,-23.5485627,-46.41497349999999
SYRIUS INCORPORACOES LTDA.,DR BRUNO RANGEL PESTANA,27,-23.5961926,-46.7087602
MK SEBA EMPREENDIMENTOS IMOBILIARIOS EIRELI,JANDAIA DO SUL,240,-23.5308639,-46.5142262
F&T EMPREENDIMENTOS E PARTICIPACOES EIRELI,PDE JOAO MANUEL,755,-23.564323,-46.66422860000001
BOSQUE JARAGUA DESENVOLVIMENTO IMOBILARIO SPE LTDA.,PAIS LEME,524,-23.5678939,-46.70150109999999
LUSA 6 EMPREENDIMENTOS IMOBILIARIOS LTDA - SCP CLAUDIO SOARES,BALTHAZAR DA VEIGA,634,-23.5937514,-46.6724348
PROJETO IMOBILIARIO DI 2 LTDA.,FIDENCIO RAMOS,213,-23.5949514,-46.6855093
PROJETO IMOBILIARIO DI 3 LTDA.,FIDENCIO RAMOS,213,-23.5949514,-46.6855093
PROJETO IMOBILIARIO DI 1 LTDA.,FIDENCIO RAMOS,213,-23.5949514,-46.6855093
RESIDENCIAL LANA INCORPORACOES E EMPREENDIMENTOS IMOBILIARIOS SPE LTDA,GREGORIO DE MATOS,160,-23.5588132,-46.57543510000001
PROJETO IMOBILIARIO DI 5 LTDA.,FIDENCIO RAMOS,213,-23.5949514,-46.6855093
PROJETO IMOBILIARIO DI 6 LTDA.,FIDENCIO RAMOS,213,-23.5949514,-46.6855093
LUSA 15 EMPREENDIMENTOS IMOBILIARIOS LTDA,BALTHAZAR DA VEIGA,634,-23.5937514,-46.6724348
LUSA 12 EMPREENDIMENTOS IMOBILIARIOS LTDA,BALTHAZAR DA VEIGA,634,-23.5937514,-46.6724348
LUSA 10 EMPREENDIMENTOS IMOBILIARIOS LTDA,BALTHAZAR DA VEIGA,634,-23.5937514,-46.6724348
MARECHAL EMPREENDIMENTOS IMOBILIARIOS SPE LTDA,MAL EURICO GASPAR DUTRA,1004,-23.4906274,-46.61388540000001
MARBELLA EMPREENDIMENTOS SPE LTDA.,CEL OCTAVIO AZEREDO,419,-23.4674553,-46.6001665
TK INCORPORADORA E CONSTRUTORA SPE LTDA,PINHEIRO DE ULHOA CINTRA,829,-23.5138104,-46.5041732
RESIDENCIAL SAO FRANCISCO EMPREENDIMENTO IMOBILIARIO SPE LTDA,CHARLES MILLER,1976,-23.5429597,-46.6660258
BMM INCORPORADORA E CONSTRUTORA LTDA,ANGELINA FERNANDES,38,-23.5299578,-46.536632
URBAN CAMPO LIMPO EMPREENDIMENTOS SPE LTDA,NOVE DE JULHO,72,-23.6442563,-46.7008174
QUEBEC PATRIMONIAL LTDA,REPUBLICA DO LIBANO,1921,-23.5970437,-46.6621226
BRACIA PARTICIPACOES E EMPREENDIMENTOS IMOBILIARIOS LTDA,DR LUIZ MIGLIANO,1986,-23.6213455,-46.7419304
CAYNE ENPLAN 66 EMPREENDIMENTO IMOBILIARIO SPE LTDA,IBIRAPUERA,2144,-23.6028718,-46.6619648
CAYNE ENPLAN 18 INVESTIMENTOS IMOBILIARIOS SPE LTDA,IBIRAPUERA,2144,-23.6028718,-46.6619648
CAYNE ENPLAN 67 EMPREENDIMENTO IMOBILIARIO SPE LTDA,IBIRAPUERA,2144,-23.6028718,-46.6619648
LUSA 14 EMPREENDIMENTOS IMOBILIARIOS LTDA,BALTHAZAR DA VEIGA,634,-23.5937514,-46.6724348
LUSA 11 EMPREENDIMENTOS IMOBILIARIOS LTDA,BALTHAZAR DA VEIGA,634,-23.5937514,-46.6724348
U.R.S. ALBANO CONSTRUTORA LTDA,JOVIANIA,29,-23.5444321,-46.4483041
IDEA EMPREENDIMENTOS SPE 23 LTDA - SCP LIKES EMPREENDIMENTOS,NATINGUI,442,-23.5508413,-46.69570119999999
DOVER PATRIMONIAL LTDA,REPUBLICA DO LIBANO,1921,-23.5970437,-46.6621226
BRISTOL INCORPORADORA LTDA,REPUBLICA DO LIBANO,1921,-23.5970437,-46.6621226
CAYNE ENPLAN 65 EMPREENDIMENTO IMOBILIARIO SPE LTDA,IBIRAPUERA,2144,-23.6028718,-46.6619648
GAB EMPREENDIMENTOS IMOBILIARIOS LTDA,GUARARA,364,-23.57224,-46.6587593
NR05 EMPREENDIMENTO IMOBILIARIO SPE LTDA.,ENG LUIZ CARLOS BERRINI,105,-23.5987337,-46.6901535
PARNASI INCORPORADORA, IMOBILIARIA E CONSTRUCOES LTDA,MARIA PAULA,122,-23.5520129,-46.6386871
ICH GESTAO COMERCIAL EM SHOPPING CENTERS LTDA,CUNHA,111,-23.5952367,-46.6377062
ALL ADMINISTRACAO E EMPREENDIMENTO LTDA,PONTINS,225,-23.490739,-46.6299235
CEIRY DOMICIO DA GAMA EMPREENDIMENTOS IMOBILIARIOS SPE LTDA SCP,FUNCHAL,375,-23.5942334,-46.68948880000001
INCORPORADORA E ADMINISTRADORA POMBEVA LTDA SCP,PADRE GARCIA VELHO,73,-23.5623826,-46.6932214
ANUNCIACAO INVESTIMENTOS E PARTICIPACOES LTDA,DR CARDOSO DE MELO,1470,-23.5969245,-46.6874511
SHPAISMAN 118 EMPREENDIMENTOS IMOBILIARIOS SPE LTDA.,HADDOCK LOBO,1307,-23.5627949,-46.66621809999999
B/SINCO INCORPORADORA LTDA. - SCP OSCAR I,GABRIEL MONTEIRO DA SILVA,2578,-23.5762765,-46.6912473
BIOMA ASSESSORIA, INCORPORACAO E PARTICIPACAO LTDA,PAULISTA,807,-23.5667005,-46.6509627
FREMONT EMPREENDIMENTOS IMOBILIARIOS LTDA.,FIDENCIO RAMOS,101,-23.594692,-46.6846065
RESIDENCIAL ALAKAE SPE LTDA,ENEAS DE BARROS,713,-23.5167802,-46.5342385
START UP XXIV EMPREENDIMENTOS IMOBILIARIOS LTDA,JOAQUIM FLORIANO,466,-23.5843951,-46.6750788
START UP XXV EMPREENDIMENTOS IMOBILIARIOS LTDA,JOAQUIM FLORIANO,466,-23.5843951,-46.6750788
SUKCES 02 DESENVOLVIMENTO IMOBILIARIO LTDA.,BRIGADEIRO FARIA LIMA,2277,-23.5768045,-46.6868062
SUKCES 05 DESENVOLVIMENTO IMOBILIARIO LTDA,BRIG FARIA LIMA,2277,-23.5768045,-46.6868062
SUKCES 03 DESENVOLVIMENTO IMOBILIARIO LTDA.,BRIGADEIRO FARIA LIMA,2277,-23.5768045,-46.6868062
SUKCES 04 DESENVOLVIMENTO IMOBILIARIO LTDA.,BRIGADEIRO FARIA LIMA,2277,-23.5768045,-46.6868062
SUKCES 01 DESENVOLVIMENTO IMOBILIARIO LTDA.,BRIGADEIRO FARIA LIMA,2277,-23.5768045,-46.6868062
IDEA ZARVOS PLANEJAMENTO IMOBILIARIO LTDA - SCP BDVINTE ADMIN. DE BENS,NATINGUI,442,-23.5508413,-46.69570119999999
DOMUS SUL CONSTRUCOES SPE LTDA,BRIG FARIA LIMA,1912,-23.5744081,-46.6893505
RESIDENCIAL ITALIA EMPREENDIMENTOS IMOBILIARIOS SPE EIRELI,BRIG FARIA LIMA,1811,-23.5729127,-46.6888563
ERVA ANDORINHA EMPREENDIMENTO IMOBILIARIO SPE LTDA.,VICTOR FRANCISCO ABATEPAULO,12,-23.580178,-46.6452619
MORALINA EMPREENDIMENTOS IMOBILIARIOS LTDA,TANABI,364,-23.5290705,-46.6757219
BASTOS PEREIRA 237 EMPREENDIMENTOS IMOBILIARIOS LTDA,ELVIRA FERRAZ,250,-23.5943484,-46.6818898
BSINCO 11 EMPREENDIMENTOS IMOBILIARIOS LTDA.,GABRIEL MONTEIRO DA SILVA,2578,-23.5762765,-46.6912473
BSINCO 13 EMPREENDIMENTOS IMOBILIARIOS LTDA.,GABRIEL MONTEIRO DA SILVA,2578,-23.5762765,-46.6912473
BSINCO 12 EMPREENDIMENTOS IMOBILIARIOS LTDA.,GABRIEL MONTEIRO DA SILVA,2578,-23.5762765,-46.6912473
BSINCO 14 EMPREENDIMENTOS IMOBILIARIOS LTDA.,GABRIEL MONTEIRO DA SILVA,2578,-23.5762765,-46.6912473
INCORPORACAO CONDOMINIO RESIDENCIAL LONGVIEW X73 LTDA,GRAO PARA,28,-19.9223453,-43.9217356
INCORPORACAO CONDOMINIO RESIDENCIAL MARSHALL X75 LTDA,GRAO PARA,28,-19.9223453,-43.9217356
INCORPORACAO CONDOMINIO RESIDENCIAL KINGSVILLE X74 LTDA,GRAO PARA,28,-19.9223453,-43.9217356
SPE PROJETO PENHA EMPREENDIMENTOS IMOBILIARIOS LTDA.,QUINZE DE SETEMBRO,164,-23.6151254,-46.6429546
SUPONE EMPREENDIMENTOS IMOBILIARIOS SPE LTDA,BRIGIDA DE VASCONCELOS,35,-23.5514735,-46.4585142
SEED CAMPINAS 2 EMPREENDIMENTOS SPE LTDA,SAMUEL MORSE,120,-23.6118789,-46.6941265
ALIOMAR NOGUEIRA TEIXEIRA SPE LTDA,ARTUR DE SALES,9,-23.6563895,-46.6608993
HUM BELA VISTA EMPREENDIMENTOS - SPE LTDA,DO ALTO,316,-23.474023,-46.610973
HUM JANDIRA EMPREENDIMENTOS - SPE LTDA,DO ALTO,316,-23.474023,-46.610973
HUM CARAPICUIBA EMPREENDIMENTOS - SPE LTDA,DO ALTO,316,-23.474023,-46.610973
BOAS NOVAS EMPREENDIMENTOS IMOBILIARIOS LTDA,INCONFIDENCIA MINEIRA,1153,-23.575815,-46.515214
PIRAJA PARTICIPACOES ADMINISTRACAO E NEGOCIOS SPE LTDA.,VISC DE LAGUNA,68,-23.5536748,-46.6027558
SPE FBV TREVO CASAS LTDA,JOAQUIM FLORIANO,466,-23.5843951,-46.6750788
ATLANTICA MALL KENNEDY EMPREENDIMENTO IMOBILIARIO LTDA.,BRIG FARIA LIMA,2277,-23.5768045,-46.6868062
PARQUE RAPOSO EMPREENDIMENTOS IMOBILIARIOS LTDA. SCP,MAGALHAES DE CASTRO,4800,-23.6012749,-46.6980412
BRICASA CAMPINAS SPE LTDA,QUEIROZ FILHO,1560,-23.5430206,-46.7319497
ELASAR EMPREENDIMENTOS E PARTICIPACOES LTDA - SCP SSN,HUNGRIA,514,-23.5823294,-46.6918444
MRV XC INCORPORACOES LTDA,ERMANO MARCHETTI,1435,-23.5117974,-46.7056632
MOEMA 822 EMPREENDIMENTOS IMOBILIARIOS SPE LTDA,MOEMA,822,-23.6082241,-46.6542232
CBR MAGIK LZ 12 EMPREENDIMENTOS IMOBILIARIOS LTDA,DO ROCIO,109,-23.5939131,-46.68476440000001
CBR MAGIK LZ 11 EMPREENDIMENTOS IMOBILIARIOS LTDA,DO ROCIO,109,-23.5939131,-46.68476440000001
CBR MAGIK LZ 13 EMPREENDIMENTOS IMOBILIARIOS LTDA,DO ROCIO,109,-23.5939131,-46.68476440000001
LETICIA INCORPORADORA LTDA,REPUBLICA DO LIBANO,1921,-23.5970437,-46.6621226
SPE UNIMOV SP1 EMPREENDIMENTOS IMOBILIARIOS LTDA,JURITI,73,-23.5979545,-46.6660453
ITABIRA INCORPORADORA LTDA,REPUBLICA DO LIBANO,1921,-23.5970437,-46.6621226
GUARARAPES INCORPORADORA LTDA,REPUBLICA DO LIBANO,1921,-23.5970437,-46.6621226
ANA CLARA INCORPORADORA LTDA,REPUBLICA DO LIBANO,1921,-23.5970437,-46.6621226
TARMAC INCORPORADORA LTDA.,QUEIROZ FILHO,1560,-23.5430206,-46.7319497
LFD EMPREENDIMENTOS IMOBILIARIOS LTDA SCP II,PEPIGUARI,142,-23.5348514,-46.7105542
MILAO INVESTIMENTOS IMOBILIARIOS LTDA,BRIG FARIA LIMA,3729,-23.5888768,-46.68132139999999
COPENHAGUE INVESTIMENTOS IMOBILIARIOS LTDA,BRIG FARIA LIMA,3729,-23.5888768,-46.68132139999999
COLOMBO INVESTIMENTOS IMOBILIARIOS LTDA,BRIG FARIA LIMA,3729,-23.5888768,-46.68132139999999
LOCALPHA SCP II,TANGERINAS,318,-23.5042357,-46.667132
ELASAR EMPREENDIMENTOS E PARTICIPACOES LTDA - SCP ASN,HUNGRIA,514,-23.5823294,-46.6918444
EMPREENDIMENTO I9 HOLANDA SPE LTDA,DR OLAVO EGIDIO,764,-23.5002791,-46.6183158
VENTURA OLYMPEA EMPREENDIMENTOS IMOBILIARIOS LTDA,FIDENCIO RAMOS,101,-23.594692,-46.6846065
PROJETO IMOBILIARIO 24 LTDA,PRES JUSCELINO KUBITSCHEK,2041,-23.5914268,-46.6895226
PROJETO IMOBILIARIO 25 LTDA,PRES JUSCELINO KUBITSCHEK,2041,-23.5914268,-46.6895226
PROJETO IMOBILIARIO 26 LTDA,PRES JUSCELINO KUBITSCHEK,2041,-23.5914268,-46.6895226
PROJETO IMOBILIARIO 27 LTDA,PRES JUSCELINO KUBITSCHEK,2041,-23.5914268,-46.6895226
PROJETO IMOBILIARIO 28 LTDA,PRES JUSCELINO KUBITSCHEK,2041,-23.5914268,-46.6895226
PROJETO IMOBILIARIO 29 LTDA,PRES JUSCELINO KUBITSCHEK,2041,-23.5914268,-46.6895226
PROJETO IMOBILIARIO 30 LTDA,PRES JUSCELINO KUBITSCHEK,2041,-23.5914268,-46.6895226
PROJETO IMOBILIARIO 31 LTDA,PRES JUSCELINO KUBITSCHEK,2041,-23.5914268,-46.6895226
PROJETO IMOBILIARIO 32 LTDA,PRES JUSCELINO KUBITSCHEK,2041,-23.5914268,-46.6895226
PROJETO IMOBILIARIO 33 LTDA,PRES JUSCELINO KUBITSCHEK,2041,-23.5914268,-46.6895226
NOVA CAMPO LIMPO EMPREENDIMENTOS IMOBILIARIOS SPE LTDA,PALESTRA ITALIA,109,-23.4769532,-46.6840223
OPI MALL EMPREENDIMENTOS IMOBILIARIOS SPE LTDA,BRIG FARIA LIMA,1853,-23.5733554,-46.6888327
CONSTRUNOMA INCORPORADORA LTDA.,SILVIO RODINI,94,-23.4896922,-46.6086143
BAESSA CONSTRUCAO E INCORPORACAO LTDA,DA MOOCA,4958,-23.5625684,-46.5783308
CAMPO ERE EMPREENDIMENTO IMOBILIARIO SPE LTDA,CAMPO ERE,225,-23.4417539,-46.5287599
VIVER INCORPORACOES LTDA,PDE GERMANO MAYER,127,-25.4342508,-49.2498864
SH INVESTIMENTOS SPE EIRELI,MARCOS ARRUDA,729,-23.5317696,-46.6035982
CDSE INVESTIMENTOS E PARTICIPACOES IMOBILIARIAS LTDA.,PADRE ADELINO 520,424,-23.5439554,-46.5836957
CONSTRUTORA STIEFELMANN LTDA,BENVINDA APPARECIDA DE ABREU LEME,118,-23.4980975,-46.62320080000001
ACRE INCORPORACOES E EMPREENDIMENTOS LTDA,CARAMURU,95,-23.6049231,-46.6364029
CONSTRUTORA LIMA C. F. LTDA,IRMA CAROLINA,120,-23.5394169,-46.588075
CONSTRUTORA METROCASA LTDA,S LUIS,34,-23.545445,-46.6435147
M.R.S. CONSTRUTORA EIRELI,CARLOS BELMIRO CORREIA,695,-23.4988992,-46.65595380000001
CONSTALL CONSTRUCOES E INSTALACOES - EIRELI,CEL VIRGILIO DOS SANTOS,500,-23.5110679,-46.7511844
BRUNO PRADO DOS SANTOS - ENGENHARIA,DA RIVIERA,456,-23.6798942,-46.7499929
MMC - MAO NA MASSA CONSTRUTORA LTDA,CARLANTONIO CARLONE,41,-23.592908,-46.7522558
SQ2 GERENCIAMENTO E CONSTRUCAO EIRELI,MELO ALVES,89,-23.5591049,-46.66791180000001
N G BEZERRA NETO SERVICOS TECNICOS,DE ITAPECERICA,3191,-23.6553748,-46.7609609
RDE CONSTRUCOES E REFORMAS EIRELI,ADOLFO BASTIAN,07,-23.6396551,-46.76468329999999
CBOS OBRAS E SERVICOS LTDA,DARZAN,78,-23.5042301,-46.6255803
MIRALDO SANTANA BARBOSA,FREI RUPERTO DE JESUS,290,-23.6059021,-46.5133367
RIVAILTON DA SILVA,DR LUIS CARLOS,1189,-23.5340022,-46.5401357
MMG CONSTRUCOES EIRELI,ALEXANDRE DE HALES,178,-23.5908436,-46.77141109999999
A H DE A YOSHIDA CONSTRUCAO E REFORMAS,GAIVOTA,88,-23.5980452,-46.6624594
DESENTUPIDORA COMETEC EIRELI,GUARAREMA,257,-23.6084084,-46.6260955
DRYCELL CONSTRUCOES EIRELI,ANTONIO DOS SANTOS ROCHA,312,-23.6690585,-46.6632588
REFERENCE VILA PROGRESSO INCORPORACAO E CONSTRUCAO SPE LTDA,DR OLAVO EGIDIO,764,-23.5002791,-46.6183158
MARCUS BERTCOL REFORMAS E CONSTRUCOES LTDA,PAULISTA,807,-23.5667005,-46.6509627
M.C. CONSTRUCOES EIRELI,VERGUEIRO,5622,-23.5956718,-46.6172289
LUCIANO BUENO DE MORAES,DA CUMBICA,395,-23.7343877,-46.7452561
W D L SANTOS EMPREITEIRA,AZALEIA,138,-23.4352714,-46.577503
MARINALVA FERREIRA SILVA,SAO TEODORO,1315,-23.5564008,-46.4486073
O.D.D.S. CONSTRUCAO & ENGENHARIA LTDA,SANTOS,415,-23.5700384,-46.6486803
I. F. DE MEIRELIS EMPREITEIRA,JAYME FINGERMAN,27,-23.6696003,-46.7544316
TRAMWAY EMPREENDIMENTO SPE LTDA,NOVA CANTAREIRA,2026,-23.4793749,-46.6112449
A RESENDE DOS SANTOS CONSTRUCOES,PIACATUBA,112A,-23.5059005,-46.4029531
BERGAMASCO MANUTENCAO E REFORMAS LTDA,DELI,102,-23.5501609,-46.4919659
SCALE ENGENHARIA LTDA.,ENG SATURNINO DE BRITO,366,-23.538555,-46.5822924
FULVIO CARLOS FERNANDES LOLATO,JOAO BRAS DE SOUZA,50,-23.6394765,-46.7112963
CONSTRUTORA RODRIGUES & MORAIS EIRELI,FAGUNDES FILHO,252,-23.6273291,-46.6390426
E FERNANDES SQUARCINA CONSTRUCAO CIVIL E ENGENHARIA,TRAJANO REIS,47,-23.587343,-46.7406714
F N SOUTO CONSTRUCOES E REFORMAS,DOS XAMBORES,17,-23.7117813,-46.7775898
PEREIRA EMPREITEIRA DE OBRAS LTDA,SOLEMAR,202,-23.6163836,-46.5941909
W G DE SOUZA CONSTRUCOES,CAICO,176,-23.5330668,-46.5056577
GM AMBIENTAL TERRAPLENAGEM INFRAESTRUTURA EIRELI,ROQUE DE MINGO,397,-23.6309056,-46.7653164
DANIEL REIS DOS SANTOS CONSTRUCOES,DOMINGOS AREVALO,624,-23.4484208,-46.6977437
OLIVEIRA, TELES E FLORENCIO SERVICOS E COMERCIO LTDA,VISC DE ITABORAI,309,-23.5422775,-46.572623
A N MENINO CONSTRUCOES E SERVICOS,ARVORE DA JUDEA,39,-23.5061459,-46.4299568
PAULO JUNIOR OLIVEIRA MARTINS CONSTRUCOES,PROF ALEXANDRE MONAT,107,-23.5417408,-46.4142988
CONCCI CONSTRUCOES E REFORMAS LTDA,DO ENSINO,450,-23.6163716,-46.4309699
MACKENNA ENGENHARIA LTDA,DAS BELEZAS,585,-23.6418516,-46.7431981
BRAWN SERVICE REFORMA E MANUTENCAO EIRELI,DR TEODORO QUARTIM BARBOSA,64,-23.5530984,-46.75755040000001
GESIL CONSTRUCOES EIRELI,MANGUARI,257,-23.5242796,-46.5815685
PIO XII EMPREENDIMENTO IMOBILIARIO SPE LTDA,TUTOIA,224,-23.57349,-46.6519195
ALEXANDRE GABRIEL NUNES DE OLIVEIRA,DO ALVARENGA,1900,-23.6939714,-46.6573141
RENAM MARCEL LOPES COMERCIO E PRESTACAO DE SERVICOS,VENCESLAU GOMES DA SILVA,169,-23.486222,-46.7490703
N F M EMPREITEIRA EIRELI,COSTA BARROS,272,-23.5975101,-46.56265690000001
REOBOTE LUGE CONSTRUCOES SPE LTDA,ERIBERTO BARROS CAJAZEIRAS,506,-23.6763188,-46.6721653
N.R SILVA CONSTRUCOES E COMERCIO DE FERRAGENS,JABOTICABAL,856,-23.5638481,-46.5766961
UPEX CONSTRUTORA LTDA,AIMBERE,1068,-23.5392382,-46.68297889999999
EMPREENDIMENTOS IMOBILIARIOS MOREIRA E SOUZA LTDA,CESARIO BASTOS,25,-23.6616463,-46.5329491
AGACI A DA SILVA CONSTRUCOES E REFORMAS,LUIS GIUDICE,348,-23.6008769,-46.4780131
RESIDENCIAL SAVOY 330 SPE LTDA,JACINTO FERREIRA,S/N,-23.5635263,-46.4805552
H. BARUCHELLO CONSTRUCOES EIRELI,BR DO TRIUNFO,117,-23.6260476,-46.6852331
AGL TUASCA EMPREITEIRA LTDA,ALTO GARCAS,1030,-23.5379174,-46.508545
NAGELI PIRES LIMA ENGENHARIA E CONSTRUCOES,DR CARLOS ALDROVANDI,85,-23.6224537,-46.7300955
GL CONSTRUCOES EIRELI,VEMAG,499A,-23.5974142,-46.5909696
ARKV ASSESSORIA TECNICA EM ARQUITETURA EIRELI,GAL LECOR,811,-23.5911031,-46.5990447
E.MEDEIROS DE OLIVEIRA CONSTRUCAO,DOUTOR LEAO DE ARAUJO NOVAES,50,-23.7679415,-46.692554
SANSAO FERREIRA DE MELO,ANTONIO VIANA,444,-23.4863258,-46.4304356
SERVE-BEM CONSTRUCAO, COMERCIO E SERVICOS EIRELI,MORRO DO LIVRAMENTO,367,-23.4522224,-46.5710971
GKM GESSO CONSTRUCOES LTDA,MACICO DO URUCUM,474,-23.541423,-46.40393299999999
LIONE CONSTRUCAO E REFORMAS EM GERAL - EIRELI,SEN CARLOS TEIXEIRA DE CARVALHO,351,-23.5690864,-46.6230525
J.DA SILVA DIAS CONSTRUCOES E REFORMAS EM GERAL,INDIANOPOLIS,2886,-23.6232562,-46.646515
FXX CONSTRUTORA EIRELI,JOSE MARIA PINTO ZILLI,160,-23.6179809,-46.7499631
GERE CONSTRUTORA LTDA,VICENTE QUARESMA,42,-23.5971899,-46.7688172
RODRIGO BATISTA DE CARVALHO LTDA.,DO RIO BONITO,1235,-23.6831034,-46.7034893
JBL CONSTRUCOES EIRELI,PEDRO PEREIRA,153B,-3.7302253,-38.5269152
JNF CONSTRUCOES E SERVICOS DE MAO DE OBRA EIRELI,MASSAIM,236,-23.6238025,-46.6205563
3RVP CONSTRUCOES E ENGENHARIA LTDA,ANTONIO CARLOS DOS SANTOS,110,-23.5386978,-46.5148745
G. D. DA SILVA CONSTRUCOES,FONTOURA XAVIER,367,-23.5508844,-46.45715999999999
ORTIZ ENGENHARIA E CONSTRUCAO - EIRELI,IVO CAVALCANTI,187,-23.448686,-46.7261786
BRAND RWR CONSTRUCOES LTDA,ITAPURA,284,-23.5411174,-46.5673657
SALVATORI PRADO SOLUCOES EM ENGENHARIA LTDA,JARINU,653,-23.5460983,-46.575168
R&G CONSTRUTORA E INCORPORADORA EIRELI,BORIS MEICHES,174,-23.5694124,-46.5799646
JD SERVICOS E REFORMAS EIRELI,MOISES DE CORENA,53,-23.5844473,-46.4026487
RBSC SANEAMENTO E CONSTRUCOES LTDA,SALVADOR RISOLEU,246,-23.5879461,-46.7386213
V2 REFORMAS, SERVICOS E MANUTENCAO EIRELI,GIOVANNI GRONCHI,6195,-23.6336287,-46.7366238
FMLA CONSTRUTORA LTDA.,CAURE,198,-23.468919,-46.5979712
JD CONSTRUTORA E INCORPORADORA LTDA,COMEN JOSE ALVES DIAS,165,-23.6041585,-46.5304675
ENGEFOCUS ENGENHARIA E CONSTRUCAO EIRELI,BENEDITO GUEDES DE OLIVEIRA,158,-23.4976196,-46.68556479999999
HRM CONSTRUCOES, REFORMAS E SERVICOS EIRELI,ZUMKELLER,933,-23.4723491,-46.637801
JARDINS DA INVERNADA EMPREENDIMENTOS IMOBILIARIOS SPE LTDA,SERTOES DE CANINDE,46,-23.5682767,-46.5685739
ESFERA PROJETOS E CONSTRUCOES LTDA,DAS TRES MARIAS,809,-23.7004005,-46.7885743
RA MARTINEZ CONSTRUCOES LTDA,CD DE ASSUMAR,509,-23.4751025,-46.5889078
BELARSAN CONSTRUTORA E SANEAMENTO LTDA,DR LUIZ MIGLIANO,1986,-23.6213455,-46.7419304
ANTONIO MANOEL DE SOUSA FILHO PINTURAS,AUGUSTO MENDES PINTO,177,-23.6027793,-46.4403249
CONSTRUPRED ENGENHARIA E CONSTRUCOES LTDA,ITINGUCU,1833,-23.5288199,-46.4982865
GASPAR & SOUZA CONSTRUCOES E INCORPORACOES LTDA,SERRA DE BOTUCATU,1122,-23.5425239,-46.5610341
RENATO DE F. RIBEIRO SERVICOS E PROJETOS,FIORELLI PECCICACCO,1480,-23.4041827,-46.7488882
JMR - OBRAS E CONSTRUCOES EIRELI,ANTONIO FRANCA,371,-27.5512917,-48.6221942
JB CONSTRUCOES BATISTA DOS SANTOS EIRELI,EDUARDO PEREIRA RAMOS,523,-23.6872605,-46.6630844
K-DELL CONSTRUCAO E REFORMA LTDA,LUIZ MOREIRA,150,-23.4522893,-46.6080286
KO ARQUITETURA E CONSTRUCOES - LTDA,CATAO,991,-23.5297283,-46.700558
ROMAXX OBRAS & INSTALACOES LTDA,AUGUSTO SICKMANN,41,-23.6768042,-46.74085090000001
G.P.F. EMPREITEIRA EIRELI,COSTA BARROS,267,-23.5975298,-46.5626936
COSTA PAIVA ENGENHARIA EIRELI,CANGAIBA,4673,-23.5046456,-46.51046969999999
SC URINDEUVA CONSTRUCOES SPE LTDA,URINDEUVA,S/N,-23.5686127,-46.7617831
C N C CENTRAL NACIONAL DE CONSTRUCOES LTDA,GUAPIRA,2200,-23.4706804,-46.585383
UESLEI - REFORMAS DE IMOVEIS LTDA,ALBERTINA MEDEIROS,910,-23.5191756,-46.4353176
PENIEL CONSTRUCOES LTDA,CORONEL EDGARD PEREIRA ARMOND,540,-23.7707756,-46.6958227
MT DA MOTA PEREIRA CONSTRUTORA E ENGENHARIA,DOM PEDRO HENRIQUE DE O.E BRAGANCA,1122,-23.5097969,-46.7469614
RODRIGUES EMPREITEIRA DE CONSTRUCAO CIVIL EIRELI,MARIA CLOTILDE MARTINS ROCHA,744E,-23.6852169,-46.6538494
GENIVALDO BATISTA DA SILVA,PIACATUBA,112G,-23.5059005,-46.4029531
P SANTOS EMPREITEIRA EIRELI,AURIVERDE,429,-23.5920887,-46.5944842
MAURICIO DA SILVA PACHECO REFORMAS E CONSTRUCOES,DOS BEM-TE-VIS DO IMPERADOR,2,-23.4355845,-46.5710548
HAMBURGO 67 EMPREENDIMENTOS SPE LTDA,HAMBURGO,67,-29.6803404,-51.0988033
MGFP EMPREITEIRA EIRELI,MARINA CRESPI,232,-23.5571576,-46.6046214
GVS CONSTRUCAO CIVIL LTDA,DR JOAO CARLOS FAIRBANKS,59,-23.711051,-46.708884
NOSSA OBRA CONSTRUTORA INCORPORADORA EIRELI,ARICANDUVA,5288,-23.5664171,-46.5075146
ALS CONSTRUCAO CIVIL EIRELI,GUAVIRUTUBA,386,-23.6856132,-46.7659605
GLIZT & CARVALHO CONSTRUTORA LTDA.,DOS UAPES,265,-23.6134336,-46.6493512
JTM OBRAS LTDA.,LORENA,853,-23.5681833,-46.66124000000001
RMC CONSTRUCOES LTDA,WALTER IMBRA DOS SANTOS,136,-23.5745712,-46.5279371
LOS EMPREENDIMENTOS IMOBILIARIOS SPE LTDA.,QUIXODI,163,-23.5354929,-46.48207350000001
CONSTRUTORA E LOCACAO DE EQUIPAMENTOS, TERRAPLANAGEM, LICITACOES PUBLICAS EIRELI,BRESSER,1167,-23.5402846,-46.6076353
F.G.PEREIRA CONSTRUCOES,S BENEDITO,1161,-23.643809,-46.698465
CASAMATA SOLUCOES - EIRELI,FREI GERMANO,95,-23.526619,-46.5513906
FERREIRA CONSTRUCAO REPAROS E REFORMAS EIRELI,BACURAU,54,-23.5300006,-46.4705358
MARCOS CONSTRUCAO E EMPREENDIMENTOS EIRELI,MORUBICHABA CONFORTI FARIA,14,-23.4685345,-46.5953887
GBS EMPREITEIRA EIRELI,PASCOAL MONTANHA,62,-23.4583275,-46.7406593
CITY CONTRUCOES E REFORMAS SPE EIRELI,SAVIGNI,473,-23.601604,-46.56724
ALEXANDRE MORGADO REFORMAS E CONSTRUCOES LTDA,DIAS LEME,568,-23.5632329,-46.592277
W R DA SILVA MANUTENCAO E EMPREITEIRA LTDA,DOS IPES,9,-19.9333402,-44.1821585
J.M. PAVIMENTACAO E COMERCIO EIRELI,AGUA FRIA DE GOIAS,46,-23.4438608,-46.8020516
SGC LOCACOES E PRESTACAO DE SERVICOS LTDA,DA QUIMERA,32,-23.4238312,-46.5882689
A.GIORA CONSTRUCOES LTDA,MAZZEI,101,-23.4787845,-46.6074202
G L A REFORMAS E CONSTRUCOES EIRELI,DEP LAERCIO CORTE,625,-23.6266838,-46.7239277
MND PROJETADO CONSTRUCAO - EIRELI,FABIO JOSE BEZERRA,130,-23.506504,-46.4872795
J & R SERVICOS GERAIS DE CONSTRUCAO E REFORMA- EIRELI,TEODORO MASCARENHAS,316,-23.5404289,-46.531172
R P DE NOVAES CONSTRUCOES,IRMAO DEODORO,11,-23.5468064,-46.4204316
TATIL TUCURUVI SPE LTDA,CARATACA,36,-23.4800245,-46.6014681
LEAO DIAS CONSTRUCOES LTDA,CHAPADA DIAMANTINA,58,-23.5431629,-46.4069157
FATTO CONSTRUCAO CIVIL EIRELI,LINS DE VASCONCELOS,1385,-23.5756162,-46.6232242
GEOVANE FERREIRA DA SILVA,BERNARDO DE CHAVES CABRAL,26,-23.4922403,-46.4045288
RAFAEL BERNARDO LINO DA CRUZ,ESPARTACO,827,-23.5298479,-46.69671659999999
MARGGI CONSTRUTORA E EMPREENDIMENTOS IMOBILIARIOS LTDA,FROGOLINO FERRARI,56,-23.5560686,-46.5271648
F.F.F. EMPREITEIRA EIRELI,COSTA BARROS,272,-23.5975101,-46.56265690000001
IBC ENGENHARIA E ARQUITETURA LTDA,DOS ARAES,1087,-23.6145601,-46.6557391
R J GENERAL DIAS INCORPORADORA E CONSTRUTORA SPE LTDA,PDE JOAO,444,-23.5239514,-46.54492579999999
FRANCISCO RODRIGUES SOBRINHO,PDE LOURENCO DIAS MACHADO,7,-23.5419217,-46.3985262
RODRIGUES CONSTRUCAO E ENGENHARIA LTDA,ALZIRO ZARUR,1400,-23.5610127,-46.4831187
CARLOS J.J.S. PINTURAS EIRELI,ANTONIO FRANCISCO SOARES,133,-23.5891985,-46.7852472
EMPREENDIMENTO RESIDENCIAL QUINTAL DOS IPES SPE LTDA,ANTONIO DE PADUA DIAS,519,-23.4015871,-46.7509627
S. F. SERVICOS DA CONSTRUCAO CIVIL LTDA,CARMELINA VIEIRA NASCIMENTO,24,-23.6635642,-46.75399729999999
ARCHILUX ENGENHARIA E ARQUITETURA LTDA,POTSDAM,175,-23.5354879,-46.7291324
CASA BELLA CONSTRUTORA E INCORPORADORA LTDA,GRECCO,303,-23.5743884,-46.5524806
R. M. DE ASSIS EMPREITEIRA DE OBRAS,DOUTOR FREDERICO DE AZEVEDO ANTUNES,818,-23.6472242,-46.774862
PLANO ENGENHARIA ASSAI NACOES UNIDAS SPE LTDA,SERRA DE BOTUCATU,927,-23.5427618,-46.5629506
A C L MANUTENCAO E REFORMA , ENGENHARIA CIVIL,DR ENZO SILVEIRA,9,-23.6691551,-46.7601106
PLINIO COLAS EMPREENDIMENTOS SPE LTDA,PLINIO COLAS,171,-23.4798517,-46.640871
C.V. PEREIRA CONSTRUCOES LTDA,DOS MORANGUEIROS,57,-23.4855679,-46.4169687
AWM REFORMAS E CONSTRUCOES EM GERAL EIRELI,MANUEL VILA D'ALBA,471,-23.4886779,-46.3771072
ELISEU MAIA SILVA,MANUEL PEREIRA MADRUGA,324,-23.5250126,-46.4187763
A. D. C. CONSTRUTORA EIRELI,SEBASTIAO DA SILVA BUENO,497,-23.5110612,-46.48495320000001
CAETANO EMPREENDIMENTOS E URBANISMO LTDA,SANTOS,211,-23.5710467,-46.6472082
G.A COMERCIO DE GESSO E SERVICOS EIRELI,ARLINDO VEIGA DOS SANTOS,50,-23.660576,-46.6902848
GD ENGENHARIA EIRELI,FIDALGA,27,-23.5590224,-46.688295
EMERCASA CONSTRUTORA & EMPREENDIMENTOS EIRELI,BRIG HENRIQUE FONTENELLE,949,-23.4992101,-46.7393594
D.E. DIAS RAMOS,CAP RANGEL,153,-23.5191777,-46.5440579
JOAO SOUZA LOPES EMPREITEIRA,ERNESTO MANOGRASSO,1159,-23.6067466,-46.4847396
PRATA CONSTRUCOES EIRELI,HADDOCK LOBO,1750,-23.5655303,-46.6697211
KADG - CONSTRUTORA E EMPREENDIMENTOS LTDA,GABRIELA MISTRAL,907,-23.5132432,-46.5508074
SP CITY ARQUITETURA E ENGENHARIA EIRELI,SAMAMBAIA,590,-23.6132694,-46.6245088
M. M. CONSTRUCAO CIVIL LTDA,DOUTOR FREDERICO DE AZEVEDO ANTUNES,19,-23.6468982,-46.7751098
NATHALIA TIBURCIO CAMPOS,ALBERTINA V. DA SILVA GORDO,100,-23.4774015,-46.6244636
SAULO CORDEIRO PRATES EMPREITEIRO DE OBRAS CIVIL,BROTAS DE MACAUBAS,5,-23.4100882,-46.7662845
BARBOSA MARQUES SERVICOS DE CONSTRUCAO CIVIL E REFORMAS LTDA,STA ZELIA,290,-23.6840785,-46.7640941
NANOTEC CONSTRUCOES E SERVICOS LTDA,PELOTAS,233,-23.5820282,-46.644945
JOSE LAURINDO NETO,ANTONIO CAVAZZAM,389,-23.4983228,-46.652569
APP PRE MOLDADOS S/A,PURPURINA,60,-23.5526374,-46.6892285
RENDA FORTE EMPREENDIMENTOS IMOBILIARIOS LTDA,CLAUDIO SOARES,72,-23.5682318,-46.6939828
FINEST CONSTRUCOES E INCORPORACOES LTDA,SERRA DE BOTUCATU,1122,-23.5425239,-46.5610341
MOBI TUCURUVI EMPREENDIMENTOS LTDA,ALVARO MACHADO PEDROSA,348,-23.4840689,-46.6060319
VERA CONSTRUTORA E INCORPORADORA SPE LTDA,PDE JOAO,444,-23.5239514,-46.54492579999999
SCP - PROTON,MARATONA,119,-23.6419371,-46.67003560000001
KLS CONSTRUCAO E REFORMAS LTDA,PAO DE ACUCAR,117,-16.6635045,-49.3360041
UP REALIZACOES CONSTRUTORA - EIRELI,TABOR,491,-23.5765939,-46.6057689
HONORATO CONSTRUCOES E REFORMAS EIRELI,GERMANO ULBRICH,5,-23.6355066,-46.7341371
MALGOM SERVICOS E CONSTRUCOES EIRELI,VISC DE INHAUMA,81,-23.6178314,-46.6347583
LIDER CONSTRUCOES E SERVICOS EIRELI,SENADOR FERNANDES TAVORA,5,-3.7701154,-38.5705255
DAIZIX CONSTRUCOES E INCORPORACOES LTDA,ATILIO PIFFER,271,-23.5122444,-46.66055739999999
N & B CONSTRUCAO CIVIL LTDA,DOS OTONIS,549,-23.5958787,-46.6450216
TUI CONSTRUCOES LTDA,CASPER LIBERO,65,-23.5409404,-46.6367132
NEOURB ENGENHARIA EIRELI,DR ALBERTO CARDOSO DE MELO NETO,110,-23.5793023,-46.6926339
J. DOS SANTOS NETO CONSTRUCOES DE EDIFICIOS,CALIXTO DE JESUS NETTO,234,-23.484974,-46.7118318
DIVIMIL CONSTRUCOES LTDA,LUIS CARLOS PEIXOTO,228,-23.5270735,-46.4205626
NOVA ADS EMPREITEIRA E SERVICOS LTDA,JOAO BATISTA ALBERTI,62,-23.6827678,-46.794965
FERNANDO LUZ RODRIGUES,CON AMARAL MELLO,116,-23.5092641,-46.6515758
MEZ CONSTRUCOES LTDA.,DOMINGOS DE MORAIS,2187,-23.5954834,-46.6362184
FK ENGENHARIA LTDA,DA CUMBICA,754,-23.731944,-46.745983
PRACA ERNANI BRAGA EMPREENDIMENTOS IMOBILIARIOS SPE LTDA,ERNANI BRAGA,112,-23.5566039,-46.7015328
RESIDENCIAL GUERINO PIRITUBA EMPREENDIMENTOS IMOBILIARIOS SPE LTDA,GUERINO GIOVANI LEARDINI,121,-23.4872076,-46.7215041
SERVICOS PONTO COM SERVICOS E COMERCIO PARA CONSTRUCOES CIVIL LTDA,EVALDO CALABREZ,1792,-23.5490152,-46.4172419
FRAVENTI SOLUCOES EM ENGENHARIA LTDA,CAP PACHECO E CHAVES,1056,-23.5819894,-46.5879081
L M G CONSTRUCOES E REFORMA LTDA,ARCADIA,54,-23.5466216,-46.573487
ARTUR D' ANUNZIO ALVES DA SILVA LTDA,NAZARE,1740,-23.5995312,-46.609932
TIGRE EMPREENDIMENTOS IMOBILIARIOS SPE EIRELI,ARNALDO MAGNICCARO,1251,-23.6742921,-46.6868044
CPY EMPREENDIMENTOS IMOBILIARIOS EIRELI,ZELINA,939,-23.5899495,-46.5748652
LEVEL X ENGENHARIA LTDA,WASHINGTON LUIS,774,-23.6582397,-46.6972864
TORRE FORTE CONSTRUTORA E INCORPORADORA LTDA,AMERICO BRASILIENSE,1490,-23.6317749,-46.7009098
RYDEN CONSTRUCAO CIVIL EIRELI,DO LAVRADOR,18,-23.6047363,-46.5140808
KOUZIVA CONSTRUCAO E REFORMA LTDA,PRES JUSCELINO KUBITSCHEK,1327,-23.5912885,-46.682165
A & K ENGENHARIA E CONSTRUCOES LTDA,JOAQUIM FERREIRA DA ROCHA,1259,-23.4643146,-46.6941086
MD PROJETOS E CONSTRUCOES EIRELI,JOSE MARIA PINTO ZILLI,442,-23.6193242,-46.74736780000001
ALLORA CONSTRUTORA E INCORPORADORA LIMITADA,FIDENCIO RAMOS,160,-23.5945348,-46.685436
AMANDA DE FREITAS SERGIO,MARCIANO CARNEIRO,153,-23.4540033,-46.5916039
BRENTECH CONSTRUCOES LTDA,IBIRAJA,206,-23.6312794,-46.64004509999999
VM TERRAPLENAGEM E LOCACAO EIRELI,PINHEIRO DE ULHOA CINTRA,421,-23.5159675,-46.5074313
RICARDO SANTANA ALVES BEZERRA CONSTRUCOES,DA BARONESA,105,-23.6930334,-46.7621846
LUCIANO OLDRA,MONS SALIM,565,-23.4916642,-46.3802124
RESIDENCIAL RIO VERDE EMPREENDIMENTO SPE LTDA,CHICO PONTES,658,-23.5062918,-46.6059385
JBF ENGENHARIA E CONSTRUCOES EIRELI,ALF MAGALHAES,72,-23.5053155,-46.6255616
VALEN CONTRUCOES E REFORMA EIRELI,PROF THOMAZ DE AQUINO,92,-23.6372583,-46.6015591
NS CONSTRUCAO CIVIL EIRELI,CASTANHEIRA-DA-INDIA,210,-23.5298479,-46.3998614
HLF REFORMAS E CONSTRUCOES LTDA,SIMONE MARTINI,33,-23.5594867,-46.5081016
RWF EMPREENDIMENTOS LTDA,GONCALO COELHO,266,-23.5680754,-46.550572
ELEMENTARE JARDIM SAO PAULO HABITACIONAL SPE LTDA,ENG CAETANO ALVARES,6685,-23.4779216,-46.6276809
BERBARI FILHOS EMPREENDEDORES IMOBILIARIOS E PARTICIPACOES SCP,UBATUBA,360,-23.5469674,-46.6690063
FENIX CONSTRUTORA E REFORMAS LTDA,S JOSE DOS PINHAIS,275,-25.5375787,-49.2692699
VYLLY PARK CONSTRUTORA E INCORPORADORA EIRELI,ANALIA FRANCO,99,-23.5577387,-46.5722791
GD CONSTRUCOES E REFORMAS EM GERAL UNIPESSOAL LTDA,MARIA ROSCHEL SCHUNCK,257,-23.8309982,-46.7272399
SOUSA ANTAO CONSTRUCOES LTDA,CINCO (S. DOS PEREIRAS-CTI),S/N,ERRO! N√ÉO ENCONTRADO
FGS CONSTRUCAO E REFORMA LTDA,RIO LARANJAIS,207,-23.5946517,-46.5820924
JS & C INCORPORADORA E CONSTRUTORA SPE LTDA,GAL ATALIBA LEONEL,3353,-23.4870325,-46.606755
M. P. MARCHETTI CONSTRUCOES EIRELI,ANDRE DE ALMEIDA,63,-23.5868413,-46.4907222
BIOSMART CONSTRUTORA E INCORPORADORA LTDA.,ANTONIO BITENCOURT,345,-23.5783527,-46.5701432
SEAS SERVICOS TECNICOS ESPECIALIZADOS DE ENGENHARIA LTDA,TUIM,307,-23.5998882,-46.6684918
JJJ CONSTRUTORA E ADMINISTRACAO LTDA,JOSE BONIFACIO,209,-23.5490949,-46.6362485
VSPC BORGES EMPREENDIMENTOS IMOBILIARIOS SPE LTDA,BORGES,1038,-23.482524,-46.6008957
CASA RITMO - ENGENHARIA, CONSTRUCOES E URBANISMO - EIRELI,CANTAGALO,1943,-23.5432241,-46.5554575
KDM CONSTRUTORA E INCORPORADORA EIRELI,AGUIA DE HAIA,4195,-23.5093935,-46.4778063
GA3 CONSTRUCOES EIRELI,MILTON COTRIM AVELAR,248,-23.5696215,-46.4878523
ALIANCA WR CONSTRUTORA LTDA,SANTOS,1165,-23.5655554,-46.6542042
MARZ INCORPORADORA E CONSTRUTORA EIRELI,MIN ROCHA AZEVEDO,961,-23.5653602,-46.6633719
OLIVEIRA NETO - CONSTRUCOES EIRELI,CECILIA ITER,185,-23.5226076,-46.4410697
ARATAU CONSTRUCAO MODULAR LTDA,DR LUIZ MIGLIANO,1986,-23.6213455,-46.7419304
JOYVIT SERVICOS DE CONSTRUCAO DE EDIFICIOS LTDA,DR SILVIO NORONHA,178,-23.5977899,-46.5430134
CLANEMOJUPA REFORMAS E MANUTENCAO LTDA,MANGARATU,121,-23.5087039,-46.6542499
NORONHA SERVICE REFORMAS EM GERAL LTDA,ARTHUR FRIEDENREICH,353,-23.5143042,-46.75932640000001
INOVVA EMPREITEIRA LTDA,CELSO GARCIA,3487,-23.535024,-46.578771
APP ASSISTENCIA E SERVICOS DE MANUTENCAO DE ENGENHARIA LTDA,DR EDUARDO DE SOUZA ARANHA,153,-23.5883429,-46.6731042
FRED DA SILVA ROCHA GONCALVES LTDA,EVANGELINA,1334,-23.5542349,-46.5465498
MAA EMPREENDIMENTOS E PARTICIPACOES LTDA,NOVE DE JULHO,40,-23.5483755,-46.6394248
FRANCESCO MICHELLI SAGULO CONSTRUCAO CIVIL,JULIO DE CASTILHOS,39,-29.1658208,-51.5167936
WGR ENGENHARIA & CONSTRUCOES LTDA,JOAQUIM FERREIRA DA ROCHA,1259,-23.4643146,-46.6941086
CONSTRUTORA VG EIRELI,MARIO BELMONTE,410,-23.5775765,-46.7601144
FABIO SHUN IKEZAKI,APORA,42,-23.5725254,-46.6268176
ABILITY ENGENHARIA LTDA,JOAQUIM EUGENIO DE LIMA,881,-23.568786,-46.6530478
RODOLFO PERES ARGIMON SILVA,VOLUNTARIOS DA PATRIA,2870,-23.4948366,-46.6257691
CONSTRUTORA MV DO SACRAMENTO LTDA,BORGES DE FIGUEIREDO,303,-23.5573804,-46.607071
NEOCOGEC COMERCIO E CONSTRUCOES LTDA,ERNESTO IGEL,308,-23.5180024,-46.7289736
NLL CONSTRUTORA LTDA,JOAO RUDGE,450,-23.5119694,-46.6565787
RAVISA CONSTRUCOES E REFORMAS EIRELI,AGRIM SUGAYA,391,-23.5577127,-46.44258180000001
JDE ENGENHARIA E CONSTRUCAO CIVIL LTDA,MONS ANTONIO CASTRO,76,-23.5705685,-46.5289598
LAGO CONSTRUCOES E REFORMAS LTDA,MONS ANTONIO CASTRO,124,-23.570676,-46.5285042
LAMIN & MACEDO CONSTRUCAO E ENGENHARIA LTDA,REGO BARROS,570,-23.5645932,-46.5180181
V & F FACHADA REVESTIMENTO INTERNO E EXTERNO LTDA,EDMUNDO DEMOLINS,30,ERRO! N√ÉO ENCONTRADO
WDGE CONSTRUCOES EIRELI,JASMIM DE VENEZA,86,-23.6647606,-46.7765788
RENATO FERRAZ LOPES,FERNANDO PACHECO JORDAO,345A,-23.4966696,-46.3841026
R2P CONSTRUCAO E COMERCIO LTDA,GAL SOCRATES,216,-23.5292201,-46.54993049999999
B 2 D EXCELENCIA EM CONSTRUCOES LTDA,MANUEL MENDES RIBEIRO,45,-23.5103263,-46.5137309
J.L. CONSTRUCOES E SERVICOS EIRELI,CASTOR,19,-23.6096741,-46.4630124
EMPREITEIRA R.F. VEIGA LTDA,SANSAO CASTELO BRANCO,888,-23.5407067,-46.41761289999999
R J ANDRADE CONSTRUCAO CIVIL LTDA,LIDER,1892,-23.5570426,-46.47652859999999
TF RIOS EMPREITEIRA,PIACATUBA,112,-23.5059005,-46.4029531
NARBON CONSTRUCOES LTDA,ANTONIO GOMES,450,-23.5782076,-46.557583
GUSTAVO DA S SANTOS CONSTRUCOES,ANHUPOCA,15,-23.5486921,-46.4430864
NELITO ALVES ANTUNES JUNIOR PROJETOS E CONSTRUCOES,ROMAO PUIGGARI,972,-23.6271057,-46.6096212
JOTA MANUTENCAO E SERVICOS LTDA,PAULO FRANCO,678,-23.5357081,-46.7250839
PAULO CLECIO LOPES DE SOUSA CONSTRUTORA LTDA,FRANCISCA DE PAULA,217,-23.5555783,-46.5286773
RESIDENCIAL MARQUES DE SAO VICENTE II SPE LTDA,DOS FRANCESES,427,-23.5619127,-46.6476033
CANTOLLI EMPREENDIMENTOS EIRELI,JACINTO DE OLIVEIRA,45,-23.5904117,-46.7628882
MELLIN AMARAL ANNUNCIATO LTDA,MANUEL LEIROZ,139,-23.513438,-46.5201182
LANA SOUZA CONSTRUCOES EIRELI,GLYCERIO ALMEIDA MACIEL,284,-23.6873376,-46.6583742
LMFC CONSTRUCOES LTDA,DR JOAO LEAL DA COSTA,63,-23.5597028,-46.4013613
MARCELO GUERREIRO PALMEIRA SANTOS CONSTRUCOES,BRIG MACHADO,86,-23.5420085,-46.6134801
D. DE LIRA FERREIRA SOLUCOES DE ENGENHARIA,FIS LAWRENCE,254,ERRO! N√ÉO ENCONTRADO
TREVO DE 7 FOLHAS MANUTENCAO EIRELI,FELIX DE CARVALHO,273,-23.6544005,-46.7719384
CJS EMPREITEIRA LTDA,GUILHERME PISO,90,-23.4820311,-46.4180668
LACA ENGENHARIA LTDA,BRIGADEIRO FARIA LIMA,2369,-23.5772915,-46.6862587
CONSTRUTORA TENDA S/A,DOUTOR ANTONIO MARIA LAET,566,-23.4797237,-46.6024538